alpha \ w_E,0%,1%,2%,3%,4%,5%,6%,7%,8%,9%,10%,11%,12%,13%,14%,15%,16%,17%,18%,19%,20%,21%,22%,23%,24%,25%,26%,27%,28%,28%,30%,31%,32%,33%,34%,35%,36%,37%,38%,39%,40%,41%,42%,43%,44%,45%,46%,47%,48%,49%,50%
0%,0.5202642732879614,0.5250616305550818,0.5298589878222022,0.5346563450893226,0.5394537023564431,0.5442510596235633,0.5490484168906837,0.5538457741578041,0.5586431314249246,0.563440488692045,0.5682378459591654,0.5730352032262858,0.577832560493406,0.5826299177605264,0.5874272750276468,0.5922246322947672,0.5970219895618876,0.601819346829008,0.6066167040961283,0.6114140613632488,0.6162114186303692,0.6210087758974896,0.6258061331646099,0.6306034904317304,0.6354008476988506,0.640198204965971,0.6449955622330914,0.6497929195002118,0.6545902767673322,0.6593876340344526,0.6641849913015729,0.6689823485686933,0.6737797058358137,0.6785770631029341,0.6833744203700545,0.688171777637175,0.6929691349042952,0.6977664921714157,0.702563849438536,0.7073612067056565,0.7121585639727768,0.7169559212398973,0.7217532785070175,0.726550635774138,0.7313479930412584,0.7361453503083788,0.7409427075754992,0.7457400648426196,0.7505374221097398,0.7553347793768603,0.7601321366439806
1%,0.5131859308663602,0.5179686707126216,0.5227514105588831,0.5275341504051445,0.5323168902514058,0.5370996300976673,0.5418823699439287,0.5466651097901901,0.5514478496364515,0.556230589482713,0.5610133293289744,0.5657960691752358,0.5705788090214972,0.5753615488677586,0.58014428871402,0.5849270285602814,0.5897097684065429,0.5944925082528043,0.5992752480990657,0.6040579879453272,0.6088407277915886,0.61362346763785,0.6184062074841113,0.6231889473303728,0.6279716871766342,0.6327544270228955,0.637537166869157,0.6423199067154184,0.6471026465616798,0.6518853864079412,0.6566681262542027,0.6614508661004641,0.6662336059467255,0.671016345792987,0.6757990856392483,0.6805818254855097,0.6853645653317711,0.6901473051780327,0.694930045024294,0.6997127848705554,0.7044955247168168,0.7092782645630782,0.7140610044093396,0.718843744255601,0.7236264841018625,0.7284092239481239,0.7331919637943853,0.7379747036406467,0.7427574434869082,0.7475401833331696,0.752322923179431
2%,0.5061934015563194,0.5109606037576204,0.5157278059589213,0.5204950081602223,0.5252622103615233,0.5300294125628243,0.5347966147641252,0.5395638169654262,0.5443310191667272,0.5490982213680282,0.5538654235693292,0.5586326257706301,0.5633998279719311,0.568167030173232,0.5729342323745331,0.577701434575834,0.582468636777135,0.587235838978436,0.592003041179737,0.596770243381038,0.6015374455823389,0.6063046477836398,0.6110718499849409,0.6158390521862418,0.6206062543875428,0.6253734565888438,0.6301406587901448,0.6349078609914458,0.6396750631927468,0.6444422653940476,0.6492094675953486,0.6539766697966496,0.6587438719979506,0.6635110741992516,0.6682782764005526,0.6730454786018536,0.6778126808031546,0.6825798830044555,0.6873470852057564,0.6921142874070575,0.6968814896083584,0.7016486918096594,0.7064158940109604,0.7111830962122614,0.7159502984135624,0.7207175006148634,0.7254847028161644,0.7302519050174653,0.7350191072187662,0.7397863094200673,0.7445535116213682
3%,0.4992892748942033,0.504039992078375,0.5087907092625467,0.5135414264467184,0.51829214363089,0.5230428608150617,0.5277935779992333,0.5325442951834051,0.5372950123675768,0.5420457295517485,0.5467964467359201,0.5515471639200918,0.5562978811042635,0.5610485982884351,0.5657993154726069,0.5705500326567785,0.5753007498409501,0.5800514670251218,0.5848021842092936,0.5895529013934653,0.5943036185776369,0.5990543357618086,0.6038050529459802,0.6085557701301519,0.6133064873143236,0.6180572044984953,0.622807921682667,0.6275586388668387,0.6323093560510102,0.6370600732351819,0.6418107904193537,0.6465615076035254,0.651312224787697,0.6560629419718687,0.6608136591560404,0.665564376340212,0.6703150935243838,0.6750658107085554,0.6798165278927271,0.6845672450768988,0.6893179622610704,0.6940686794452422,0.6988193966294138,0.7035701138135855,0.7083208309977572,0.713071548181929,0.7178222653661006,0.7225729825502722,0.7273236997344439,0.7320744169186155,0.7368251341027873
4%,0.49247619976242857,0.49720945677887063,0.5019427137953126,0.5066759708117548,0.5114092278281968,0.5161424848446389,0.520875741861081,0.525608998877523,0.5303422558939652,0.5350755129104072,0.5398087699268493,0.5445420269432915,0.5492752839597335,0.5540085409761756,0.5587417979926177,0.5634750550090597,0.5682083120255018,0.5729415690419439,0.5776748260583859,0.582408083074828,0.5871413400912702,0.5918745971077122,0.5966078541241543,0.6013411111405964,0.6060743681570384,0.6108076251734804,0.6155408821899225,0.6202741392063646,0.6250073962228067,0.6297406532392488,0.6344739102556909,0.6392071672721329,0.643940424288575,0.6486736813050171,0.6534069383214591,0.6581401953379012,0.6628734523543434,0.6676067093707854,0.6723399663872274,0.6770732234036696,0.6818064804201116,0.6865397374365537,0.6912729944529958,0.6960062514694378,0.7007395084858801,0.7054727655023221,0.7102060225187641,0.7149392795352061,0.7196725365516482,0.7244057935680903,0.7291390505845324
5%,0.4857568827766853,0.4904716760806827,0.49518646938468025,0.4999012626886777,0.5046160559926751,0.5093308492966726,0.5140456426006701,0.5187604359046675,0.5234752292086651,0.5281900225126624,0.5329048158166599,0.5376196091206574,0.5423344024246548,0.5470491957286523,0.5517639890326498,0.5564787823366473,0.5611935756406446,0.5659083689446421,0.5706231622486396,0.575337955552637,0.5800527488566346,0.584767542160632,0.5894823354646295,0.594197128768627,0.5989119220726243,0.6036267153766218,0.6083415086806193,0.6130563019846168,0.6177710952886142,0.6224858885926117,0.6272006818966092,0.6319154752006066,0.636630268504604,0.6413450618086015,0.646059855112599,0.6507746484165964,0.6554894417205939,0.6602042350245914,0.6649190283285888,0.6696338216325863,0.6743486149365838,0.6790634082405813,0.6837782015445787,0.6884929948485763,0.6932077881525737,0.697922581456571,0.7026373747605685,0.707352168064566,0.7120669613685635,0.7167817546725609,0.7214965479765584
6%,0.4791340862810797,0.4838293833366497,0.48852468039221963,0.49321997744778967,0.4979152745033596,0.5026105715589296,0.5073058686144997,0.5120011656700696,0.5166964627256396,0.5213917597812094,0.5260870568367795,0.5307823538923495,0.5354776509479194,0.5401729480034894,0.5448682450590594,0.5495635421146294,0.5542588391701994,0.5589541362257693,0.5636494332813393,0.5683447303369094,0.5730400273924793,0.5777353244480492,0.5824306215036192,0.5871259185591892,0.5918212156147591,0.5965165126703291,0.6012118097258992,0.6059071067814692,0.610602403837039,0.615297700892609,0.619992997948179,0.6246882950037489,0.6293835920593189,0.634078889114889,0.6387741861704589,0.6434694832260288,0.6481647802815989,0.6528600773371689,0.6575553743927389,0.6622506714483088,0.6669459685038788,0.6716412655594488,0.6763365626150187,0.6810318596705887,0.6857271567261587,0.6904224537817287,0.6951177508372988,0.6998130478928686,0.7045083449484386,0.7092036420040085,0.7138989390595785
7%,0.4726106259205788,0.4772853646259988,0.48196010333141887,0.4866348420368388,0.49130958074225883,0.49598431944767896,0.5006590581530989,0.505333796858519,0.510008535563939,0.5146832742693591,0.519358012974779,0.5240327516801991,0.5287074903856191,0.5333822290910392,0.5380569677964592,0.5427317065018792,0.5474064452072992,0.5520811839127192,0.5567559226181392,0.5614306613235593,0.5661054000289794,0.5707801387343994,0.5754548774398194,0.5801296161452394,0.5848043548506594,0.5894790935560794,0.5941538322614995,0.5988285709669194,0.6035033096723396,0.6081780483777596,0.6128527870831796,0.6175275257885995,0.6222022644940195,0.6268770031994396,0.6315517419048597,0.6362264806102796,0.6409012193156998,0.6455759580211198,0.6502506967265398,0.6549254354319598,0.6596001741373798,0.6642749128427998,0.66894965154822,0.67362439025364,0.67829912895906,0.6829738676644801,0.6876486063699,0.69232334507532,0.6969980837807401,0.70167282248616,0.7063475611915802
8%,0.4661893677603539,0.4708424559008223,0.47549554404129074,0.4801486321817592,0.48480172032222757,0.48945480846269607,0.49410789660316445,0.49876098474363284,0.5034140728841013,0.5080671610245698,0.5127202491650382,0.5173733373055067,0.5220264254459751,0.5266795135864435,0.531332601726912,0.5359856898673804,0.5406387780078488,0.5452918661483173,0.5499449542887856,0.5545980424292541,0.5592511305697225,0.563904218710191,0.5685573068506593,0.5732103949911278,0.5778634831315963,0.5825165712720647,0.5871696594125331,0.5918227475530016,0.5964758356934701,0.6011289238339383,0.6057820119744068,0.6104351001148752,0.6150881882553436,0.6197412763958121,0.6243943645362806,0.6290474526767489,0.6337005408172174,0.6383536289576859,0.6430067170981543,0.6476598052386227,0.6523128933790912,0.6569659815195595,0.661619069660028,0.6662721578004964,0.6709252459409649,0.6755783340814333,0.6802314222219017,0.6848845103623702,0.6895375985028386,0.694190686643307,0.6988437747837755
9%,0.4598732249222774,0.4645035396544493,0.46913385438662114,0.473764169118793,0.4783944838509649,0.48302479858313674,0.48765511331530853,0.49228542804748043,0.49691574277965234,0.5015460575118241,0.5061763722439961,0.5108066869761679,0.5154370017083398,0.5200673164405116,0.5246976311726834,0.5293279459048554,0.5339582606370272,0.538588575369199,0.543218890101371,0.5478492048335428,0.5524795195657147,0.5571098342978865,0.5617401490300584,0.5663704637622303,0.5710007784944021,0.575631093226574,0.5802614079587458,0.5848917226909178,0.5895220374230896,0.5941523521552614,0.5987826668874333,0.6034129816196052,0.608043296351777,0.6126736110839489,0.6173039258161208,0.6219342405482926,0.6265645552804645,0.6311948700126364,0.6358251847448082,0.6404554994769801,0.645085814209152,0.6497161289413238,0.6543464436734957,0.6589767584056676,0.6636070731378394,0.6682373878700113,0.6728677026021832,0.677498017334355,0.6821283320665268,0.6867586467986987,0.6913889615308706
10%,0.45366515371004157,0.4582715410834632,0.46287792845688475,0.4674843158303064,0.472090703203728,0.47669709057714954,0.48130347795057116,0.48590986532399283,0.49051625269741445,0.4951226400708361,0.4997290274442577,0.5043354148176793,0.5089418021911009,0.5135481895645224,0.5181545769379441,0.5227609643113658,0.5273673516847872,0.5319737390582089,0.5365801264316306,0.5411865138050521,0.5457929011784737,0.5503992885518952,0.5550056759253169,0.5596120632987385,0.56421845067216,0.5688248380455817,0.5734312254190033,0.5780376127924249,0.5826440001658466,0.5872503875392681,0.5918567749126897,0.5964631622861112,0.6010695496595329,0.6056759370329545,0.6102823244063762,0.6148887117797976,0.6194950991532193,0.624101486526641,0.6287078739000626,0.6333142612734841,0.6379206486469058,0.6425270360203275,0.6471334233937489,0.6517398107671706,0.6563461981405923,0.6609525855140137,0.6655589728874354,0.670165360260857,0.6747717476342785,0.6793781350077002,0.6839845223811218
11%,0.44756814919616883,0.4521494237168962,0.4567306982376235,0.4613119727583509,0.46589324727907816,0.4704745217998056,0.47505579632053285,0.4796370708412602,0.4842183453619876,0.48879961988271503,0.49338089440344235,0.49796216892416967,0.502543443444897,0.5071247179656244,0.5117059924863517,0.516287267007079,0.5208685415278065,0.5254498160485338,0.5300310905692611,0.5346123650899886,0.5391936396107159,0.5437749141314432,0.5483561886521706,0.5529374631728978,0.5575187376936253,0.5621000122143526,0.5666812867350799,0.5712625612558073,0.5758438357765346,0.580425110297262,0.5850063848179894,0.5895876593387167,0.594168933859444,0.5987502083801715,0.6033314829008987,0.6079127574216261,0.6124940319423535,0.6170753064630808,0.6216565809838082,0.6262378555045356,0.6308191300252628,0.6354004045459902,0.6399816790667175,0.644562953587445,0.6491442281081723,0.6537255026288997,0.6583067771496269,0.6628880516703544,0.6674693261910817,0.672050600711809,0.6766318752325364
12%,0.4415852402466809,0.44614018448860315,0.45069512873052536,0.4552500729724476,0.4598050172143699,0.46435996145629205,0.46891490569821426,0.4734698499401365,0.4780247941820588,0.48257973842398105,0.4871346826659032,0.4916896269078254,0.49624457114974774,0.50079951539167,0.5053544596335922,0.5099094038755144,0.5144643481174367,0.5190192923593588,0.5235742366012811,0.5281291808432033,0.5326841250851255,0.5372390693270478,0.5417940135689701,0.5463489578108922,0.5509039020528145,0.5554588462947367,0.5600137905366589,0.5645687347785813,0.5691236790205034,0.5736786232624256,0.5782335675043478,0.5827885117462701,0.5873434559881923,0.5918984002301145,0.5964533444720368,0.6010082887139591,0.6055632329558813,0.6101181771978035,0.6146731214397256,0.619228065681648,0.6237830099235702,0.6283379541654924,0.6328928984074147,0.6374478426493368,0.6420027868912592,0.6465577311331814,0.6511126753751036,0.6556676196170258,0.6602225638589481,0.6647775081008702,0.6693324523427925
13%,0.43571948396240845,0.44024684823200116,0.44477421250159405,0.44930157677118676,0.45382894104077964,0.4583563053103724,0.46288366957996524,0.467411033849558,0.4719383981191509,0.47646576238874366,0.4809931266583365,0.4855204909279293,0.4900478551975221,0.4945752194671149,0.49910258373670774,0.5036299480063005,0.5081573122758933,0.5126846765454861,0.517212040815079,0.5217394050846718,0.5262667693542646,0.5307941336238573,0.5353214978934502,0.539848862163043,0.5443762264326357,0.5489035907022286,0.5534309549718214,0.5579583192414141,0.562485683511007,0.5670130477805998,0.5715404120501926,0.5760677763197855,0.5805951405893782,0.585122504858971,0.5896498691285639,0.5941772333981568,0.5987045976677494,0.6032319619373423,0.6077593262069352,0.6122866904765278,0.6168140547461207,0.6213414190157135,0.6258687832853063,0.6303961475548991,0.634923511824492,0.6394508760940847,0.6439782403636776,0.6485056046332703,0.6530329689028631,0.657560333172456,0.6620876974420489
14%,0.42997395951995937,0.43447246158035624,0.43897096364075305,0.44346946570114987,0.44796796776154674,0.45246646982194355,0.45696497188234037,0.46146347394273723,0.4659619760031341,0.470460478063531,0.4749589801239278,0.47945748218432466,0.4839559842447215,0.4884544863051184,0.49295298836551515,0.497451490425912,0.5019499924863089,0.5064484945467056,0.5109469966071025,0.5154454986674994,0.5199440007278961,0.5244425027882931,0.5289410048486899,0.5334395069090867,0.5379380089694836,0.5424365110298804,0.5469350130902774,0.5514335151506742,0.555932017211071,0.5604305192714678,0.5649290213318646,0.5694275233922614,0.5739260254526584,0.5784245275130552,0.5829230295734521,0.5874215316338489,0.5919200336942457,0.5964185357546425,0.6009170378150395,0.6054155398754362,0.6099140419358331,0.6144125439962299,0.6189110460566267,0.6234095481170236,0.6279080501774206,0.6324065522378173,0.6369050542982141,0.6414035563586109,0.6459020584190078,0.6504005604794046,0.6548990625398015
15%,0.42435176140023134,0.42882008626061374,0.4332884111209961,0.43775673598137854,0.44222506084176094,0.44669338570214334,0.45116171056252574,0.45563003542290814,0.46009836028329065,0.46456668514367294,0.46903501000405545,0.47350333486443785,0.47797165972482014,0.48243998458520265,0.48690830944558505,0.49137663430596745,0.49584495916634985,0.5003132840267323,0.5047816088871147,0.509249933747497,0.5137182586078795,0.5181865834682619,0.5226549083286443,0.5271232331890268,0.531591558049409,0.5360598829097916,0.5405282077701739,0.5449965326305564,0.5494648574909388,0.5539331823513212,0.5584015072117035,0.562869832072086,0.5673381569324684,0.5718064817928508,0.5762748066532332,0.5807431315136156,0.585211456373998,0.5896797812343804,0.5941481060947629,0.5986164309551452,0.6030847558155277,0.6075530806759101,0.6120214055362925,0.6164897303966749,0.6209580552570573,0.6254263801174397,0.6298947049778221,0.6343630298382045,0.6388313546985869,0.6432996795589693,0.6477680044193517
16%,0.41885599199810725,0.4232927917744711,0.42772959155083495,0.43216639132719886,0.4366031911035627,0.4410399908799266,0.44547679065629053,0.44991359043265444,0.4543503902090184,0.45878718998538226,0.46322398976174617,0.46766078953811,0.4720975893144738,0.4765343890908378,0.4809711888672017,0.48540798864356555,0.4898447884199294,0.4942815881962933,0.4987183879726572,0.503155187749021,0.5075919875253849,0.5120287873017488,0.5164655870781127,0.5209023868544767,0.5253391866308404,0.5297759864072044,0.5342127861835683,0.5386495859599322,0.5430863857362961,0.5475231855126599,0.5519599852890238,0.5563967850653877,0.5608335848417516,0.5652703846181155,0.5697071843944794,0.5741439841708433,0.5785807839472071,0.583017583723571,0.587454383499935,0.5918911832762989,0.5963279830526627,0.6007647828290266,0.6052015826053905,0.6096383823817544,0.6140751821581183,0.6185119819344822,0.6229487817108461,0.6273855814872099,0.6318223812635738,0.6362591810399376,0.6406959808163016
17%,0.4134897536136351,0.4178936474669782,0.42229754132032127,0.42670143517366443,0.4311053290270075,0.43550922288035054,0.4399131167336936,0.44431701058703676,0.44872090444037993,0.453124798293723,0.45752869214706604,0.46193258600040915,0.46633647985375226,0.47074037370709537,0.4751442675604384,0.4795481614137815,0.48395205526712454,0.4883559491204677,0.49275984297381076,0.49716373682715387,0.501567630680497,0.5059715245338401,0.5103754183871831,0.5147793122405262,0.5191832060938694,0.5235870999472124,0.5279909938005555,0.5323948876538986,0.5367987815072417,0.5412026753605848,0.5456065692139278,0.550010463067271,0.554414356920614,0.5588182507739571,0.5632221446273001,0.5676260384806433,0.5720299323339864,0.5764338261873294,0.5808377200406726,0.5852416138940157,0.5896455077473588,0.5940494016007019,0.5984532954540449,0.602857189307388,0.6072610831607312,0.6116649770140743,0.6160688708674174,0.6204727647207604,0.6248766585741035,0.6292805524274465,0.6336844462807897
18%,0.408256139832527,0.4126257139904147,0.4169952881483024,0.42136486230618997,0.4257344364640776,0.43010401062196535,0.43447358477985293,0.4388431589377406,0.4432127330956283,0.44758230725351594,0.4519518814114037,0.4563214555692913,0.4606910297271789,0.46506060388506654,0.4694301780429543,0.4737997522008419,0.47816932635872955,0.48253890051661724,0.48690847467450493,0.49127804883239257,0.49564762299028026,0.5000171971481678,0.5043867713060556,0.5087563454639432,0.5131259196218309,0.5174954937797185,0.5218650679376062,0.5262346420954938,0.5306042162533815,0.5349737904112691,0.5393433645691568,0.5437129387270445,0.5480825128849321,0.5524520870428198,0.5568216612007074,0.561191235358595,0.5655608095164828,0.5699303836743703,0.5742999578322581,0.5786695319901458,0.5830391061480334,0.5874086803059211,0.5917782544638088,0.5961478286216964,0.6005174027795841,0.6048869769374717,0.6092565510953594,0.613626125253247,0.6179956994111346,0.6223652735690224,0.62673484772691
19%,0.40315822631223175,0.4074920341795259,0.41182584204682,0.41615964991411414,0.42049345778140823,0.4248272656487023,0.4291610735159964,0.4334948813832906,0.4378286892505847,0.44216249711787886,0.44649630498517295,0.4508301128524671,0.45516392071976114,0.45949772858705534,0.46383153645434944,0.4681653443216435,0.4724991521889376,0.47683296005623177,0.48116676792352586,0.48550057579082007,0.48983438365811416,0.49416819152540825,0.49850199939270234,0.5028358072599964,0.5071696151272905,0.5115034229945847,0.5158372308618788,0.5201710387291729,0.5245048465964671,0.5288386544637611,0.5331724623310552,0.5375062701983494,0.5418400780656436,0.5461738859329377,0.5505076938002318,0.5548415016675259,0.55917530953482,0.5635091174021141,0.5678429252694083,0.5721767331367024,0.5765105410039965,0.5808443488712907,0.5851781567385848,0.5895119646058788,0.5938457724731729,0.598179580340467,0.6025133882077611,0.6068471960750552,0.6111810039423493,0.6155148118096435,0.6198486196769376
20%,0.398199060999036,0.40249562336330585,0.40679218572757575,0.41108874809184565,0.41538531045611554,0.41968187282038544,0.4239784351846553,0.4282749975489251,0.43257155991319507,0.43686812227746497,0.4411646846417348,0.44546124700600465,0.4497578093702746,0.4540543717345445,0.4583509340988144,0.46264749646308423,0.46694405882735407,0.4712406211916239,0.4755371835558939,0.47983374592016376,0.4841303082844336,0.4884268706487035,0.49272343301297333,0.4970199953772433,0.5013165577415132,0.505613120105783,0.509909682470053,0.5142062448343228,0.5185028071985927,0.5227993695628625,0.5270959319271324,0.5313924942914023,0.5356890566556721,0.5399856190199421,0.5442821813842119,0.5485787437484818,0.5528753061127517,0.5571718684770216,0.5614684308412915,0.5657649932055614,0.5700615555698312,0.5743581179341011,0.578654680298371,0.5829512426626409,0.5872478050269108,0.5915443673911807,0.5958409297554506,0.6001374921197205,0.6044340544839902,0.6087306168482601,0.61302717921253
21%,0.39338165381156665,0.3976394591483354,0.40189726448510404,0.4061550698218728,0.41041287515864155,0.4146706804954103,0.418928485832179,0.42318629116894774,0.4274440965057165,0.43170190184248525,0.435959707179254,0.4402175125160227,0.44447531785279143,0.4487331231895602,0.45299092852632894,0.4572487338630976,0.4615065391998664,0.46576434453663507,0.47002214987340385,0.47427995521017263,0.47853776054694136,0.4827955658837101,0.4870533712204788,0.49131117655724754,0.4955689818940162,0.499826787230785,0.5040845925675538,0.5083423979043226,0.5126002032410912,0.5168580085778599,0.5211158139146287,0.5253736192513974,0.5296314245881661,0.5338892299249349,0.5381470352617037,0.5424048405984724,0.546662645935241,0.5509204512720098,0.5551782566087786,0.5594360619455474,0.5636938672823161,0.5679516726190847,0.5722094779558535,0.5764672832926223,0.5807250886293911,0.5849828939661598,0.5892406993029286,0.5934985046396972,0.597756309976466,0.6020141153132347,0.6062719206500035
22%,0.3887089658365501,0.39292647071905834,0.39714397560156656,0.4013614804840747,0.4055789853665829,0.4097964902490911,0.4140139951315993,0.41823150001410747,0.42244900489661574,0.4266665097791239,0.43088401466163206,0.4351015195441403,0.4393190244266484,0.44353652930915655,0.4477540341916648,0.451971539074173,0.4561890439566812,0.46040654883918936,0.46462405372169757,0.46884155860420573,0.47305906348671395,0.47727656836922205,0.4814940732517303,0.4857115781342385,0.48992908301674665,0.4941465878992548,0.498364092781763,0.5025815976642712,0.5067991025467795,0.5110166074292877,0.5152341123117958,0.519451617194304,0.5236691220768122,0.5278866269593203,0.5321041318418285,0.5363216367243367,0.5405391416068449,0.5447566464893532,0.5489741513718612,0.5531916562543694,0.5574091611368777,0.5616266660193858,0.565844170901894,0.5700616757844021,0.5742791806669104,0.5784966855494187,0.5827141904319268,0.5869316953144349,0.5911492001969432,0.5953667050794513,0.5995842099619595
23%,0.3841838980935854,0.3883595277111726,0.3925351573287599,0.39671078694634704,0.4008864165639343,0.40506204618152153,0.4092376757991088,0.413413305416696,0.4175889350342833,0.4217645646518705,0.4259401942694578,0.430115823887045,0.4342914535046322,0.4384670831222195,0.4426427127398067,0.4468183423573939,0.45099397197498114,0.4551696015925684,0.4593452312101557,0.4635208608277429,0.4676964904453301,0.4718721200629174,0.4760477496805046,0.48022337929809183,0.4843990089156791,0.48857463853326627,0.4927502681508536,0.49692589776844087,0.5011015273860281,0.5052771570036153,0.5094527866212025,0.5136284162387897,0.517804045856377,0.5219796754739643,0.5261553050915515,0.5303309347091387,0.5345065643267259,0.5386821939443132,0.5428578235619004,0.5470334531794877,0.5512090827970749,0.5553847124146621,0.5595603420322494,0.5637359716498367,0.5679116012674239,0.5720872308850111,0.5762628605025983,0.5804384901201856,0.5846141197377728,0.58878974935536,0.5929653789729473
24%,0.37980927993677355,0.38394142872528453,0.3880735775137955,0.39220572630230643,0.3963378750908174,0.4004700238793283,0.40460217266783927,0.40873432145635025,0.41286647024486123,0.4169986190333722,0.4211307678218832,0.42526291661039406,0.42939506539890504,0.433527214187416,0.437659362975927,0.4417915117644379,0.44592366055294885,0.45005580934145983,0.45418795812997076,0.4583201069184818,0.4624522557069928,0.46658440449550365,0.4707165532840146,0.47484870207252555,0.47898085086103653,0.4831129996495475,0.48724514843805844,0.4913772972265694,0.4955094460150804,0.49964159480359127,0.5037737435921023,0.5079058923806131,0.5120380411691241,0.5161701899576352,0.5203023387461461,0.524434487534657,0.528566636323168,0.5326987851116789,0.53683093390019,0.5409630826887009,0.5450952314772118,0.5492273802657228,0.5533595290542337,0.5574916778427447,0.5616238266312557,0.5657559754197666,0.5698881242082776,0.5740202729967885,0.5781524217852995,0.5822845705738104,0.5864167193623214
25%,0.37558785717210985,0.3796748895589262,0.3837619219457425,0.3878489543325589,0.39193598671937524,0.39602301910619164,0.400110051493008,0.40419708387982434,0.40828411626664074,0.4123711486534571,0.41645818104027343,0.42054521342708984,0.42463224581390624,0.42871927820072253,0.4328063105875389,0.4368933429743552,0.4409803753611716,0.4450674077479879,0.4491544401348043,0.4532414725216207,0.457328504908437,0.4614155372952534,0.4655025696820697,0.4695896020688861,0.47367663445570246,0.4777636668425188,0.48185069922933516,0.4859377316161516,0.4900247640029679,0.49411179638978425,0.4981988287766006,0.502285861163417,0.5063728935502334,0.5104599259370497,0.5145469583238661,0.5186339907106825,0.5227210230974988,0.5268080554843151,0.5308950878711316,0.5349821202579479,0.5390691526447642,0.5431561850315807,0.547243217418397,0.5513302498052133,0.5554172821920297,0.5595043145788461,0.5635913469656625,0.5676783793524788,0.5717654117392952,0.5758524441261115,0.5799394765129279
26%,0.3715222799802797,0.37556253124566497,0.3796027825110503,0.3836430337764355,0.3876832850418207,0.39172353630720597,0.39576378757259123,0.39980403883797644,0.40384429010336176,0.407884541368747,0.4119247926341323,0.4159650438995175,0.42000529516490276,0.42404554643028797,0.42808579769567323,0.43212604896105844,0.4361663002264437,0.44020655149182897,0.4442468027572143,0.4482870540225995,0.4523273052879848,0.45636755655337,0.46040780781875523,0.46444805908414044,0.4684883103495257,0.47252856161491097,0.4765688128802963,0.4806090641456815,0.4846493154110668,0.48868956667645197,0.49272981794183723,0.49677006920722244,0.5008103204726078,0.504850571737993,0.5088908230033782,0.5129310742687634,0.5169713255341487,0.521011576799534,0.5250518280649192,0.5290920793303046,0.5331323305956899,0.5371725818610751,0.5412128331264603,0.5452530843918455,0.5492933356572308,0.553333586922616,0.5573738381880013,0.5614140894533866,0.5654543407187718,0.569494591984157,0.5735348432495423
27%,0.3676150907446235,0.37160686800005044,0.37559864525547726,0.37959042251090425,0.3835821997663312,0.3875739770217581,0.39156575427718504,0.395557531532612,0.39954930878803896,0.40354108604346584,0.40753286329889277,0.4115246405543197,0.4155164178097466,0.41950819506517356,0.4234999723206005,0.42749174957602737,0.4314835268314543,0.43547530408688123,0.4394670813423082,0.4434588585977351,0.447450635853162,0.451442413108589,0.45543419036401595,0.4594259676194428,0.4634177448748697,0.46740952213029663,0.4714012993857236,0.47539307664115055,0.4793848538965775,0.48337663115200435,0.48736840840743123,0.4913601856628583,0.49535196291828515,0.4993437401737121,0.503335517429139,0.5073272946845659,0.5113190719399929,0.5153108491954198,0.5193026264508467,0.5232944037062737,0.5272861809617007,0.5312779582171275,0.5352697354725544,0.5392615127279814,0.5432532899834084,0.5472450672388353,0.5512368444942621,0.5552286217496891,0.559220399005116,0.5632121762605429,0.5672039535159699
28%,0.36386871189323555,0.3678102951762555,0.37175187845927543,0.3756934617422954,0.37963504502531537,0.3835766283083353,0.38751821159135513,0.39145979487437516,0.3954013781573951,0.3993429614404151,0.403284544723435,0.4072261280064549,0.4111677112894749,0.41510929457249485,0.4190508778555148,0.4229924611385347,0.4269340444215547,0.43087562770457455,0.4348172109875945,0.4387587942706145,0.44270037755363445,0.44664196083665436,0.4505835441196743,0.4545251274026943,0.4584667106857142,0.4624082939687342,0.46634987725175414,0.4702914605347741,0.47423304381779396,0.4781746271008139,0.48211621038383384,0.4860577936668538,0.4899993769498737,0.4939409602328937,0.4978825435159136,0.5018241267989336,0.5057657100819535,0.5097072933649734,0.5136488766479934,0.5175904599310134,0.5215320432140333,0.5254736264970532,0.5294152097800733,0.5333567930630931,0.5372983763461131,0.5412399596291331,0.545181542912153,0.5491231261951729,0.5530647094781929,0.5570062927612128,0.5609478760442328
28%,0.3602854338720831,0.36417507735610394,0.3680647208401248,0.3719543643241457,0.3758440078081665,0.37973365129218734,0.3836232947762082,0.38751293826022903,0.39140258174424997,0.3952922252282708,0.3991818687122917,0.40307151219631254,0.4069611556803334,0.4108507991643542,0.41474044264837506,0.41863008613239594,0.4225197296164168,0.42640937310043764,0.43029901658445857,0.43418866006847934,0.4380783035525002,0.4419679470365211,0.44585759052054197,0.44974723400456285,0.45363687748858367,0.4575265209726045,0.4614161644566254,0.46530580794064624,0.4691954514246671,0.473085094908688,0.47697473839270876,0.48086438187672964,0.4847540253607505,0.48864366884477134,0.4925333123287922,0.4964229558128131,0.500312599296834,0.5042022427808548,0.5080918862648757,0.5119815297488965,0.5158711732329173,0.5197608167169383,0.5236504602009591,0.52754010368498,0.5314297471690008,0.5353193906530217,0.5392090341370426,0.5430986776210633,0.5469883211050842,0.5508779645891051,0.554767608073126
30%,0.35686740337238765,0.3607033366884701,0.3645392700045525,0.36837520332063495,0.37221113663671734,0.37604706995279974,0.3798830032688822,0.3837189365849646,0.3875548699010471,0.3913908032171295,0.39522673653321194,0.3990626698492944,0.4028986031653768,0.4067345364814592,0.41057046979754164,0.41440640311362403,0.41824233642970643,0.4220782697457889,0.42591420306187133,0.4297501363779538,0.4335860696940362,0.4374220030101186,0.44125793632620103,0.4450938696422835,0.4489298029583658,0.45276573627444827,0.4566016695905307,0.4604376029066132,0.4642735362226956,0.46810946953877797,0.4719454028548604,0.4757813361709428,0.4796172694870252,0.48345320280310766,0.4872891361191901,0.49112506943527257,0.494961002751355,0.4987969360674374,0.5026328693835198,0.5064688026996023,0.5103047360156847,0.5141406693317672,0.5179766026478496,0.5218125359639321,0.5256484692800144,0.5294844025960969,0.5333203359121792,0.5371562692282617,0.5409922025443441,0.5448281358604266,0.548664069176509
31%,0.35361661193995864,0.35739704160643526,0.36117747127291194,0.3649579009393886,0.36873833060586525,0.37251876027234193,0.37629918993881856,0.38007961960529524,0.383860049271772,0.38764047893824866,0.3914209086047253,0.3952013382712019,0.39898176793767853,0.40276219760415527,0.4065426272706319,0.4103230569371086,0.4141034866035852,0.41788391627006183,0.42166434593653856,0.4254447756030152,0.42922520526949187,0.4330056349359685,0.4367860646024452,0.4405664942689218,0.44434692393539843,0.4481273536018751,0.4519077832683518,0.4556882129348284,0.4594686426013051,0.4632490722677818,0.4670295019342584,0.47080993160073503,0.47459036126721177,0.4783707909336884,0.482151220600165,0.48593165026664176,0.4897120799331184,0.493492509599595,0.49727293926607175,0.5010533689325484,0.504833798599025,0.5086142282655017,0.5123946579319784,0.516175087598455,0.5199555172649317,0.5237359469314083,0.527516376597885,0.5312968062643616,0.5350772359308382,0.538857665597315,0.5426380952637916
32%,0.35053488509644876,0.35425799605084174,0.3579811070052346,0.36170421795962765,0.3654273289140205,0.36915043986841356,0.3728735508228065,0.37659666177719947,0.38031977273159245,0.3840428836859854,0.38776599464037836,0.39148910559477135,0.3952122165491642,0.3989353275035572,0.40265843845795013,0.4063815494123431,0.41010466036673604,0.413827771321129,0.41755088227552195,0.42127399322991493,0.4249971041843079,0.42872021513870084,0.4324433260930938,0.4361664370474868,0.43988954800187974,0.44361265895627267,0.44733576991066565,0.4510588808650586,0.45478199181945156,0.4585051027738445,0.4622282137282374,0.4659513246826304,0.4696744356370234,0.4733975465914163,0.47712065754580923,0.4808437685002022,0.4845668794545952,0.48828999040898813,0.4920131013633811,0.4957362123177741,0.499459323272167,0.5031824342265601,0.506905545180953,0.5106286561353459,0.5143517670897388,0.5180748780441319,0.5217979889985248,0.5255210999529177,0.5292442109073108,0.5329673218617036,0.5366904328160966
33%,0.34762387210239415,0.3512878293287736,0.35495178655515325,0.3586157437815329,0.3622797010079124,0.36594365823429204,0.3696076154606716,0.37327157268705113,0.3769355299134308,0.3805994871398104,0.38426344436619003,0.3879274015925696,0.39159135881894913,0.39525531604532876,0.3989192732717083,0.4025832304980879,0.40624718772446755,0.4099111449508471,0.4135751021772267,0.4172390594036063,0.42090301662998586,0.42456697385636544,0.428230931082745,0.4318948883091247,0.4355588455355042,0.43922280276188386,0.44288675998826343,0.446550717214643,0.4502146744410226,0.45387863166740217,0.45754258889378174,0.4612065461201613,0.46487050334654095,0.46853446057292053,0.4721984177993001,0.47586237502567974,0.47952633225205926,0.4831902894784389,0.48685424670481847,0.49051820393119805,0.4941821611575777,0.4978461183839573,0.5015100756103368,0.5051740328367165,0.508837990063096,0.5125019472894756,0.5161659045158552,0.5198298617422348,0.5234938189686144,0.5271577761949939,0.5308217334213736
34%,0.34488503648919433,0.34848798673281506,0.35209093697643584,0.3556938872200566,0.35929683746367735,0.36289978770729814,0.3665027379509189,0.3701056881945397,0.3737086384381605,0.3773115886817812,0.38091453892540195,0.38451748916902273,0.3881204394126435,0.3917233896562643,0.395326339899885,0.39892929014350575,0.40253224038712654,0.4061351906307473,0.4097381408743681,0.4133410911179888,0.4169440413616096,0.42054699160523035,0.42414994184885113,0.42775289209247186,0.4313558423360926,0.43495879257971337,0.43856174282333416,0.44216469306695494,0.4457676433105757,0.4493705935541964,0.4529735437978172,0.45657649404143796,0.46017944428505875,0.46378239452867953,0.4673853447723003,0.47098829501592104,0.47459124525954177,0.47819419550316256,0.48179714574678334,0.48540009599040407,0.4890030462340249,0.49260599647764564,0.49620894672126636,0.49981189696488715,0.5034148472085079,0.5070177974521286,0.5106207476957494,0.5142236979393702,0.517826648182991,0.5214295984266117,0.5250325486702325
35%,0.34231964748183263,0.34585972104162405,0.34939979460141546,0.35293986816120687,0.3564799417209983,0.36002001528078975,0.3635600888405811,0.3671001624003726,0.370640235960164,0.37418030951995546,0.37772038307974687,0.3812604566395382,0.38480053019932964,0.38834060375912105,0.3918806773189125,0.3954207508787039,0.39896082443849534,0.4025008979982867,0.40604097155807817,0.4095810451178695,0.413121118677661,0.4166611922374524,0.4202012657972438,0.4237413393570353,0.42728141291682664,0.430821486476618,0.4343615600364095,0.43790163359620093,0.44144170715599235,0.44498178071578376,0.4485218542755751,0.4520619278353666,0.455602001395158,0.4591420749549494,0.4626821485147408,0.46622222207453223,0.4697622956343237,0.4733023691941151,0.4768424427539065,0.48038251631369794,0.48392258987348935,0.4874626634332808,0.4910027369930722,0.49454281055286364,0.498082884112655,0.5016229576724465,0.5051630312322379,0.5087031047920293,0.5122431783518206,0.5157832519116121,0.5193233254714036
36%,0.33992877242606995,0.34340408501437863,0.34687939760268727,0.35035471019099595,0.35383002277930464,0.35730533536761333,0.36078064795592196,0.36425596054423065,0.3677312731325394,0.3712065857208481,0.37468189830915677,0.37815721089746546,0.3816325234857741,0.3851078360740827,0.38858314866239146,0.39205846125070015,0.39553377383900884,0.39900908642731747,0.40248439901562616,0.40595971160393485,0.40943502419224354,0.4129103367805521,0.41638564936886086,0.4198609619571696,0.42333627454547823,0.42681158713378686,0.4302868997220956,0.4337622123104043,0.4372375248987129,0.4407128374870216,0.4441881500753303,0.44766346266363893,0.4511387752519477,0.4546140878402563,0.458089400428565,0.46156471301687363,0.46504002560518237,0.46851533819349106,0.4719906507817997,0.4754659633701084,0.47894127595841707,0.48241658854672576,0.48589190113503444,0.48936721372334313,0.4928425263116518,0.4963178388999605,0.4997931514882692,0.5032684640765778,0.5067437766648865,0.5102190892531953,0.5136944018415038
37%,0.3377132703231649,0.3411219249810661,0.34453057963896727,0.3479392342968684,0.35134788895476965,0.3547565436126708,0.3581651982705719,0.3615738529284731,0.36498250758637435,0.36839116224427554,0.3717998169021767,0.37520847156007786,0.3786171262179791,0.3820257808758803,0.3854344355337814,0.3888430901916826,0.3922517448495838,0.395660399507485,0.3990690541653862,0.4024777088232874,0.40588636348118856,0.4092950181390897,0.41270367279699083,0.41611232745489213,0.4195209821127932,0.4229296367706944,0.4263382914285956,0.4297469460864968,0.43315560074439796,0.4365642554022991,0.43997291006020034,0.4433815647181015,0.44679021937600266,0.4501988740339038,0.453607528691805,0.4570161833497062,0.4604248380076074,0.46383349266550855,0.46724214732340974,0.47065080198131093,0.4740594566392121,0.4774681112971133,0.48087676595501444,0.4842854206129157,0.4876940752708169,0.49110272992871806,0.49451138458661925,0.49792003924452033,0.5013286939024215,0.5047373485603227,0.5081460032182239
38%,0.3356737865620236,0.3390138756175677,0.34235396467311185,0.34569405372865597,0.3490341427842001,0.35237423183974426,0.35571432089528837,0.3590544099508325,0.3623944990063766,0.3657345880619208,0.36907467711746483,0.372414766173009,0.3757548552285531,0.3790949442840973,0.3824350333396414,0.3857751223951855,0.38911521145072964,0.39245530050627375,0.39579538956181787,0.399135478617362,0.40247556767290615,0.4058156567284502,0.4091557457839944,0.4124958348395385,0.41583592389508267,0.41917601295062673,0.4225161020061709,0.425856191061715,0.4291962801172592,0.43253636917280325,0.4358764582283474,0.4392165472838915,0.44255663633943565,0.44589672539497976,0.4492368144505239,0.45257690350606805,0.4559169925616121,0.4592570816171563,0.46259717067270045,0.46593725972824457,0.4692773487837887,0.4726174378393328,0.47595752689487697,0.4792976159504211,0.4826377050059652,0.48597779406150937,0.4893178831170535,0.49265797217259755,0.4959980612281417,0.4993381502836858,0.50267823933923
39%,0.3338107489233309,0.33708035597928676,0.34034996303524256,0.3436195700911984,0.3468891771471543,0.3501587842031101,0.35342839125906594,0.35669799831502175,0.35996760537097766,0.3632372124269335,0.3665068194828894,0.36977642653884524,0.37304603359480104,0.37631564065075684,0.37958524770671276,0.38285485476266856,0.38612446181862436,0.3893940688745802,0.3926636759305361,0.3959332829864919,0.3992028900424478,0.4024724970984036,0.4057421041543594,0.4090117112103153,0.4122813182662711,0.4155509253222269,0.41882053237818284,0.42209013943413864,0.42535974649009456,0.4286293535460503,0.43189896060200617,0.435168567657962,0.4384381747139178,0.4417077817698737,0.44497738882582955,0.4482469958817854,0.4515166029377412,0.45478620999369707,0.4580558170496529,0.46132542410560873,0.46459503116156464,0.46786463821752045,0.47113424527347636,0.47440385232943216,0.477673459385388,0.4809430664413439,0.4842126734972997,0.4874822805532555,0.49075188760921135,0.4940214946651672,0.497291101721123
40%,0.3321243649129727,0.3353215668499905,0.3385187687870082,0.341715970724026,0.34491317266104365,0.34811037459806143,0.3513075765350791,0.35450477847209694,0.3577019804091146,0.3608991823461324,0.36409638428315005,0.3672935862201678,0.3704907881571855,0.3736879900942033,0.376885192031221,0.38008239396823873,0.38327959590525645,0.3864767978422742,0.38967399977929196,0.3928712017163097,0.3960684036533274,0.39926560559034513,0.40246280752736285,0.40566000946438063,0.4088572114013983,0.412054413338416,0.4152516152754338,0.41844881721245153,0.42164601914946925,0.42484322108648687,0.42804042302350465,0.4312376249605224,0.4344348268975401,0.4376320288345579,0.4408292307715756,0.4440264327085933,0.4472236346456111,0.4504208365826288,0.45361803851964655,0.4568152404566643,0.460012442393682,0.4632096443306998,0.46640684626771745,0.4696040482047352,0.47280125014175295,0.4759984520787707,0.47919565401578834,0.4823928559528061,0.4855900578898238,0.4887872598268416,0.4919844617638593
41%,0.33061462046336765,0.3337374894440272,0.3368603584246869,0.3399832274053466,0.34310609638600625,0.34622896536666586,0.34935183434732553,0.3524747033279852,0.3555975723086449,0.3587204412893046,0.36184331026996425,0.3649661792506239,0.3680890482312836,0.37121191721194324,0.3743347861926029,0.3774576551732626,0.3805805241539222,0.3837033931345819,0.38682626211524157,0.38994913109590124,0.3930720000765609,0.39619486905722057,0.39931773803788023,0.4024406070185399,0.4055634759991995,0.40868634497985923,0.41180921396051895,0.41493208294117856,0.4180549519218382,0.4211778209024979,0.42430068988315756,0.4274235588638172,0.43054642784447683,0.43366929682513655,0.4367921658057962,0.4399150347864559,0.4430379037671155,0.4461607727477752,0.4492836417284349,0.45240651070909454,0.4555293796897542,0.4586522486704139,0.46177511765107354,0.4648979866317332,0.4680208556123929,0.47114372459305254,0.47426659357371226,0.4773894625543718,0.4805123315350315,0.48363520051569114,0.48675806949635086
42%,0.3292812800216146,0.33232788548055653,0.3353744909394983,0.33842109639844015,0.341467701857382,0.34451430731632376,0.3475609127752657,0.35060751823420755,0.35365412369314936,0.3567007291520913,0.35974733461103314,0.36279394006997495,0.3658405455289168,0.3688871509878586,0.3719337564468005,0.37498036190574235,0.37802696736468416,0.38107357282362603,0.38412017828256784,0.3871667837415097,0.39021338920045157,0.39325999465939343,0.39630660011833524,0.3993532055772771,0.4023998110362189,0.4054464164951608,0.40849302195410264,0.4115396274130445,0.41458623287198637,0.4176328383309281,0.42067944378987,0.42372604924881185,0.4267726547077537,0.4298192601666956,0.43286586562563745,0.43591247108457926,0.4389590765435211,0.442005682002463,0.4450522874614048,0.44809889292034666,0.4511454983792885,0.4541921038382304,0.45723870929717225,0.46028531475611406,0.4633319202150559,0.4663785256739978,0.46942513113293965,0.47247173659188146,0.47551834205082333,0.47856494750976514,0.481611552968707
43%,0.32812388802317494,0.33109229862843237,0.33406070923368963,0.3370291198389471,0.3399975304442045,0.3429659410494619,0.34593435165471925,0.34890276225997663,0.35187117286523406,0.3548395834704915,0.35780799407574887,0.36077640468100625,0.3637448152862637,0.3667132258915211,0.3696816364967785,0.37265004710203586,0.37561845770729324,0.3785868683125507,0.38155527891780805,0.3845236895230655,0.3874921001283228,0.39046051073358023,0.3934289213388376,0.396397331944095,0.3993657425493524,0.40233415315460974,0.4053025637598672,0.4082709743651246,0.41123938497038204,0.41420779557563936,0.4171762061808968,0.4201446167861541,0.42311302739141154,0.426081437996669,0.42904984860192635,0.4320182592071838,0.43498666981244116,0.4379550804176986,0.44092349102295597,0.44389190162821335,0.4468603122334707,0.4498287228387281,0.45279713344398553,0.4557655440492429,0.4587339546545004,0.4617023652597578,0.46467077586501515,0.46763918647027247,0.4706075970755299,0.4735760076807873,0.4765444182860447
44%,0.32714177172963405,0.3300300573004054,0.3329183428711769,0.33580662844194836,0.3386949140127198,0.34158319958349126,0.3444714851542627,0.34735977072503416,0.3502480562958056,0.35313634186657705,0.3560246274373485,0.35891291300811995,0.3618011985788913,0.3646894841496628,0.3675777697204342,0.3704660552912057,0.37335434086197705,0.37624262643274853,0.37913091200351995,0.3820191975742914,0.38490748314506285,0.3877957687158343,0.3906840542866058,0.3935723398573772,0.39646062542814864,0.39934891099892,0.40223719656969154,0.40512548214046296,0.40801376771123443,0.4109020532820058,0.4137903388527773,0.4166786244235487,0.4195669099943201,0.4224551955650916,0.42534348113586307,0.42823176670663443,0.4311200522774059,0.4340083378481774,0.43689662341894886,0.4397849089897202,0.4426731945604917,0.4455614801312631,0.4484497657020346,0.451338051272806,0.4542263368435775,0.45711462241434897,0.46000290798512034,0.46289119355589176,0.46577947912666323,0.46866776469743465,0.47155605026820613
45%,0.32633404538949934,0.3291402787558966,0.3319465121222938,0.334752745488691,0.33755897885508823,0.34036521222148547,0.3431714455878827,0.3459776789542799,0.3487839123206772,0.3515901456870744,0.3543963790534716,0.35720261241986884,0.3600088457862661,0.36281507915266326,0.3656213125190605,0.36842754588545773,0.37123377925185497,0.37404001261825215,0.37684624598464933,0.3796524793510466,0.38245871271744386,0.385264946083841,0.3880711794502383,0.39087741281663546,0.39368364618303264,0.39648987954942994,0.3992961129158271,0.40210234628222435,0.4049085796486216,0.4077148130150188,0.41052104638141607,0.41332727974781325,0.4161335131142105,0.4189397464806077,0.4217459798470049,0.4245522132134022,0.4273584465797994,0.4301646799461966,0.43297091331259385,0.43577714667899103,0.4385833800453883,0.4413896134117855,0.44419584677818275,0.44700208014458,0.4498083135109772,0.4526145468773744,0.45542078024377164,0.4582270136101689,0.46103324697656606,0.4638394803429633,0.4666457137093605
46%,0.3256996156624354,0.32842187445321763,0.3311441332439998,0.333866392034782,0.3365886508255643,0.33931090961634647,0.3420331684071287,0.3447554271979109,0.3474776859886932,0.35019994477947536,0.35292220357025755,0.35564446236103975,0.358366721151822,0.3610889799426042,0.36381123873338644,0.36653349752416864,0.36925575631495083,0.3719780151057331,0.3747002738965153,0.37742253268729753,0.3801447914780797,0.3828670502688619,0.38558930905964417,0.3883115678504263,0.39103382664120856,0.39375608543199075,0.396478344222773,0.39920060301355526,0.40192286180433745,0.4046451205951196,0.40736737938590184,0.4100896381766841,0.4128118969674663,0.4155341557582485,0.41825641454903073,0.420978673339813,0.4237009321305951,0.42642319092137737,0.4291454497121596,0.4318677085029418,0.434589967293724,0.43731222608450626,0.44003448487528846,0.4427567436660707,0.4454790024568529,0.44820126124763515,0.4509235200384173,0.45364577882919954,0.4563680376199817,0.45909029641076393,0.4618125552015462
47%,0.32523718823033276,0.32787355657526557,0.3305099249201984,0.3331462932651312,0.33578266161006404,0.3384190299549968,0.34105539829992965,0.34369176664486245,0.3463281349897953,0.3489645033347281,0.3516008716796609,0.3542372400245938,0.3568736083695266,0.3595099767144594,0.36214634505939225,0.364782713404325,0.36741908174925786,0.3700554500941906,0.3726918184391235,0.37532818678405633,0.37796455512898913,0.38060092347392194,0.3832372918188548,0.38587366016378755,0.3885100285087204,0.39114639685365316,0.393782765198586,0.3964191335435189,0.3990555018884517,0.4016918702333845,0.4043282385783173,0.4069646069232501,0.40960097526818295,0.4122373436131157,0.41487371195804856,0.4175100803029814,0.42014644864791423,0.42278281699284703,0.4254191853377799,0.4280555536827127,0.4306919220276455,0.43332829037257836,0.4359646587175112,0.43860102706244397,0.4412373954073768,0.44387376375230964,0.44651013209724244,0.4491465004421752,0.45178286878710805,0.45441923713204085,0.4570556054769737
48%,0.32494527550350655,0.32749384563774697,0.33004241577198745,0.3325909859062278,0.33513955604046824,0.33768812617470867,0.3402366963089491,0.3427852664431895,0.34533383657742994,0.3478824067116704,0.3504309768459108,0.3529795469801512,0.35552811711439164,0.35807668724863206,0.3606252573828725,0.3631738275171129,0.3657223976513533,0.36827096778559376,0.37081953791983413,0.3733681080540746,0.37591667818831503,0.37846524832255546,0.3810138184567958,0.38356238859103625,0.3861109587252767,0.38865952885951716,0.39120809899375764,0.393756669127998,0.3963052392622384,0.39885380939647874,0.4014023795307192,0.40395094966495965,0.40649951979920007,0.4090480899334405,0.4115966600676809,0.41414523020192134,0.41669380033616177,0.4192423704704022,0.4217909406046426,0.4243395107388831,0.42688808087312347,0.42943665100736383,0.4319852211416043,0.4345337912758448,0.43708236141008516,0.43963093154432553,0.442179501678566,0.4447280718128064,0.44727664194704686,0.44982521208128723,0.4523737822155277
49%,0.3248222053174783,0.32728107907625936,0.32973995283504043,0.33219882659382144,0.3346577003526025,0.3371165741113835,0.3395754478701646,0.34203432162894554,0.34449319538772666,0.34695206914650767,0.3494109429052887,0.3518698166640698,0.35432869042285076,0.3567875641816318,0.35924643794041283,0.3617053116991939,0.3641641854579749,0.366623059216756,0.369081932975537,0.371540806734318,0.37399968049309906,0.3764585542518801,0.37891742801066114,0.38137630176944215,0.38383517552822316,0.38629404928700417,0.3887529230457853,0.3912117968045663,0.39367067056334737,0.3961295443221283,0.3985884180809094,0.4010472918396904,0.40350616559847147,0.40596503935725253,0.40842391311603354,0.4108827868748146,0.41334166063359556,0.41580053439237663,0.4182594081511577,0.42071828190993876,0.4231771556687198,0.4256360294275008,0.42809490318628185,0.4305537769450629,0.4330126507038439,0.43547152446262494,0.437930398221406,0.44038927198018696,0.442848145738968,0.4453070194977491,0.4477658932565301
50%,0.3248661305054349,0.32723342069827743,0.3296007108911199,0.3319680010839624,0.33433529127680484,0.3367025814696473,0.33906987166248986,0.34143716185533235,0.3438044520481749,0.3461717422410174,0.34853903243385986,0.3509063226267024,0.35327361281954484,0.3556409030123874,0.35800819320522986,0.36037548339807235,0.36274277359091484,0.3651100637837573,0.3674773539765998,0.3698446441694423,0.37221193436228484,0.37457922455512727,0.37694651474796975,0.37931380494081224,0.3816810951336548,0.3840483853264972,0.38641567551933975,0.38878296571218224,0.3911502559050248,0.39351754609786727,0.39588483629070975,0.39825212648355224,0.40061941667639467,0.4029867068692372,0.40535399706207964,0.4077212872549222,0.41008857744776467,0.4124558676406072,0.4148231578334497,0.4171904480262922,0.41955773821913467,0.4219250284119772,0.42429231860481964,0.4266596087976622,0.4290268989905046,0.43139418918334715,0.43376147937618964,0.4361287695690321,0.4384960597618746,0.4408633499547171,0.4432306401475596
51%,0.3250750392237385,0.32734887087842396,0.3296227025331093,0.3318965341877948,0.3341703658424803,0.33644419749716564,0.3387180291518512,0.3409918608065366,0.34326569246122207,0.3455395241159075,0.34781335577059297,0.35008718742527845,0.35236101907996387,0.3546348507346493,0.35690868238933476,0.3591825140440202,0.36145634569870566,0.3637301773533911,0.36600400900807656,0.368277840662762,0.37055167231744746,0.3728255039721329,0.37509933562681835,0.37737316728150383,0.37964699893618925,0.38192083059087467,0.38419466224556015,0.3864684939002456,0.38874232555493105,0.39101615720961647,0.3932899888643019,0.39556382051898736,0.39783765217367284,0.40011148382835826,0.4023853154830437,0.40465914713772916,0.40693297879241463,0.40920681044710006,0.41148064210178553,0.413754473756471,0.41602830541115643,0.41830213706584185,0.4205759687205273,0.42284980037521275,0.4251236320298982,0.4273974636845837,0.4296712953392692,0.43194512699395454,0.43421895864864,0.43649279030332544,0.4387666219580109
52%,0.32544676590283583,0.3276252773704015,0.32980378883796724,0.33198230030553294,0.33416081177309864,0.33633932324066446,0.33851783470823016,0.3406963461757959,0.3428748576433617,0.3450533691109274,0.3472318805784932,0.3494103920460589,0.3515889035136246,0.35376741498119035,0.35594592644875606,0.3581244379163218,0.3603029493838875,0.3624814608514533,0.364659972319019,0.3668384837865847,0.36901699525415044,0.3711955067217162,0.37337401818928195,0.37555252965684766,0.37773104112441336,0.3799095525919791,0.3820880640595449,0.38426657552711063,0.3864450869946764,0.38862359846224204,0.3908021099298078,0.39298062139737355,0.39515913286493926,0.39733764433250496,0.3995161558000707,0.4016946672676365,0.4038731787352022,0.40605169020276793,0.4082302016703337,0.4104087131378994,0.41258722460546515,0.41476573607303086,0.4169442475405966,0.41912275900816237,0.4213012704757281,0.42347978194329383,0.4256582934108596,0.4278368048784253,0.430015316345991,0.43219382781355675,0.4343723392811225
53%,0.3259790026935588,0.32806034660659505,0.33014169051963127,0.33222303443266754,0.33430437834570376,0.33638572225874,0.33846706617177624,0.3405484100848125,0.34262975399784873,0.344711097910885,0.34679244182392127,0.3488737857369575,0.35095512964999376,0.3530364735630299,0.3551178174760662,0.3571991613891024,0.35928050530213873,0.3613618492151749,0.36344319312821116,0.3655245370412474,0.36760588095428365,0.36968722486731986,0.37176856878035613,0.37384991269339235,0.3759312566064286,0.37801260051946484,0.3800939444325011,0.3821752883455374,0.38425663225857354,0.3863379761716098,0.388419320084646,0.3905006639976823,0.3925820079107185,0.3946633518237548,0.39674469573679094,0.3988260396498272,0.4009073835628635,0.40298872747589976,0.40507007138893597,0.4071514153019723,0.40923275921500846,0.41131410312804473,0.41339544704108094,0.4154767909541172,0.41755813486715343,0.4196394787801897,0.4217208226932259,0.42380216660626213,0.4258835105192984,0.4279648544323347,0.43004619834537083
54%,0.32666931127900095,0.3286516553565069,0.3306339994340128,0.33261634351151875,0.33459868758902467,0.3365810316665306,0.3385633757440365,0.3405457198215424,0.34252806389904833,0.3445104079765543,0.34649275205406016,0.34847509613156613,0.35045744020907205,0.35243978428657796,0.35442212836408393,0.3564044724415898,0.35838681651909565,0.3603691605966016,0.36235150467410754,0.3643338487516135,0.3663161928291194,0.36829853690662534,0.37028088098413126,0.37226322506163717,0.3742455691391431,0.37622791321664895,0.3782102572941549,0.38019260137166083,0.38217494544916675,0.38415728952667266,0.3861396336041786,0.3881219776816845,0.3901043217591904,0.3920866658366964,0.3940690099142023,0.3960513539917082,0.3980336980692141,0.40001604214672004,0.401998386224226,0.40398073030173187,0.40596307437923784,0.40794541845674376,0.4099277625342497,0.41191010661175564,0.4138924506892615,0.4158747947667674,0.41785713884427333,0.4198394829217792,0.42182182699928517,0.4238041710767911,0.425786515154297
55%,0.3275151349247316,0.32939666261769507,0.33127819031065847,0.3331597180036219,0.33504124569658533,0.33692277338954885,0.3388043010825123,0.34068582877547565,0.34256735646843917,0.3444488841614026,0.3463304118543661,0.3482119395473295,0.3500934672402929,0.3519749949332564,0.3538565226262198,0.35573805031918326,0.35761957801214667,0.35950110570511007,0.3613826333980736,0.363264161091037,0.36514568878400044,0.36702721647696385,0.36890874416992736,0.37079027186289076,0.37267179955585417,0.3745533272488176,0.3764348549417811,0.37831638263474454,0.380197910327708,0.38207943802067135,0.3839609657136348,0.38584249340659826,0.3877240210995617,0.3896055487925252,0.39148707648548864,0.393368604178452,0.39525013187141544,0.3971316595643789,0.39901318725734236,0.4008947149503058,0.4027762426432693,0.40465777033623274,0.40653929802919614,0.40842082572215954,0.410302353415123,0.41218388110808646,0.4140654088010499,0.4159469364940134,0.4178284641869767,0.4197099918799402,0.42159151957290364
56%,0.3285138106448139,0.3302927216174879,0.33207163259016187,0.3338505435628359,0.33562945453550985,0.33740836550818387,0.3391872764808579,0.34096618745353185,0.34274509842620593,0.3445240093988799,0.3463029203715539,0.34808183134422793,0.3498607423169019,0.3516396532895759,0.35341856426224993,0.3551974752349239,0.35697638620759786,0.3587552971802719,0.36053420815294585,0.36231311912561986,0.3640920300982939,0.36587094107096785,0.36764985204364187,0.3694287630163159,0.37120767398898985,0.3729865849616638,0.3747654959343379,0.3765444069070119,0.37832331787968587,0.3801022288523599,0.3818811398250338,0.3836600507977078,0.38543896177038184,0.38721787274305586,0.3889967837157299,0.3907756946884039,0.39255460566107786,0.3943335166337518,0.3961124276064259,0.39789133857909986,0.3996702495517739,0.4014491605244479,0.40322807149712186,0.40500698246979583,0.4067858934424699,0.40856480441514387,0.4103437153878179,0.41212262636049185,0.4139015373331658,0.41568044830583983,0.41745935927851385
56%,0.3296503599502648,0.3313259231732634,0.33300148639626204,0.33467704961926054,0.33635261284225915,0.33802817606525765,0.33970373928825626,0.3413793025112548,0.3430548657342535,0.34473042895725203,0.34640599218025064,0.3480815554032492,0.3497571186262478,0.35143268184924636,0.3531082450722449,0.3547838082952435,0.35645937151824203,0.35813493474124064,0.3598104979642392,0.3614860611872378,0.36316162441023636,0.3648371876332349,0.3665127508562335,0.3681883140792321,0.36986387730223064,0.37153944052522925,0.3732150037482278,0.3748905669712264,0.37656613019422497,0.3782416934172236,0.37991725664022213,0.3815928198632207,0.38326838308621924,0.38494394630921785,0.38661950953221635,0.388295072755215,0.3899706359782136,0.39164619920121213,0.39332176242421074,0.39499732564720935,0.3966728888702079,0.39834845209320646,0.4000240153162051,0.4016995785392037,0.40337514176220224,0.4050507049852008,0.40672626820819935,0.4084018314311979,0.41007739465419646,0.41175295787719507,0.4134285211001936
57%,0.33095860799388527,0.33252695076248445,0.33409529353108364,0.3356636362996828,0.337231979068282,0.3388003218368812,0.3403686646054804,0.34193700737407967,0.34350535014267886,0.345073692911278,0.34664203567987717,0.34821037844847635,0.34977872121707554,0.3513470639856747,0.352915406754274,0.35448374952287315,0.35605209229147233,0.3576204350600715,0.3591887778286707,0.36075712059726994,0.3623254633658691,0.3638938061344683,0.3654621489030675,0.3670304916716667,0.36859883444026587,0.3701671772088651,0.37173551997746435,0.37330386274606353,0.3748722055146627,0.3764405482832619,0.37800889105186103,0.37957723382046027,0.38114557658905945,0.38271391935765864,0.3842822621262578,0.385850604894857,0.3874189476634562,0.3889872904320554,0.3905556332006546,0.3921239759692538,0.393692318737853,0.3952606615064522,0.3968290042750514,0.3983973470436506,0.3999656898122498,0.40153403258084897,0.40310237534944815,0.40467071811804733,0.4062390608866466,0.40780740365524576,0.40937574642384494
59%,0.3323989812475703,0.3338594058287559,0.33531983040994146,0.336780254991127,0.33824067957231263,0.3397011041534983,0.34116152873468386,0.3426219533158695,0.34408237789705504,0.3455428024782406,0.3470032270594262,0.3484636516406118,0.34992407622179744,0.351384500802983,0.35284492538416856,0.3543053499653541,0.35576577454653974,0.35722619912772535,0.35868662370891086,0.36014704829009647,0.36160747287128214,0.36306789745246765,0.36452832203365326,0.3659887466148389,0.36744917119602444,0.36890959577721005,0.3703700203583956,0.37183044493958123,0.37329086952076684,0.3747512941019524,0.37621171868313796,0.3776721432643235,0.37913256784550914,0.38059299242669475,0.3820534170078803,0.38351384158906593,0.38497426617025154,0.3864346907514371,0.38789511533262266,0.3893555399138083,0.3908159644949939,0.39227638907617945,0.39373681365736507,0.3951972382385507,0.39665766281973625,0.3981180874009218,0.3995785119821074,0.401038936563293,0.4024993611444786,0.40395978572566416,0.4054202103068497
60%,0.3339807332327314,0.3353315055283537,0.3366822778239761,0.3380330501195983,0.33938382241522064,0.3407345947108429,0.3420853670064652,0.3434361393020875,0.3447869115977098,0.3461376838933321,0.34748845618895446,0.34883922848457666,0.350190000780199,0.3515407730758212,0.3528915453714435,0.3542423176670658,0.3555930899626881,0.35694386225831043,0.3582946345539327,0.359645406849555,0.3609961791451773,0.36234695144079954,0.3636977237364219,0.3650484960320442,0.36639926832766645,0.36775004062328875,0.36910081291891106,0.37045158521453336,0.37180235751015567,0.3731531298057779,0.37450390210140017,0.37585467439702247,0.3772054466926448,0.3785562189882671,0.3799069912838894,0.3812577635795117,0.382608535875134,0.3839593081707563,0.38531008046637855,0.38666085276200085,0.38801162505762316,0.38936239735324546,0.3907131696488677,0.39206394194449,0.3934147142401123,0.3947654865357346,0.3961162588313569,0.39746703112697923,0.3988178034226015,0.4001685757182238,0.40151934801384603
61%,0.33570084861738025,0.33694025054704185,0.33817965247670345,0.33941905440636505,0.34065845633602665,0.34189785826568825,0.34313726019534985,0.34437666212501145,0.34561606405467316,0.34685546598433475,0.34809486791399635,0.34933426984365795,0.35057367177331955,0.3518130737029812,0.35305247563264275,0.3542918775623043,0.35553127949196595,0.35677068142162754,0.3580100833512892,0.3592494852809508,0.3604888872106124,0.361728289140274,0.3629676910699356,0.3642070929995972,0.3654464949292588,0.3666858968589204,0.36792529878858204,0.36916470071824364,0.3704041026479053,0.37164350457756684,0.37288290650722844,0.3741223084368901,0.37536171036655164,0.3766011122962133,0.3778405142258749,0.3790799161555365,0.38031931808519814,0.3815587200148597,0.38279812194452134,0.38403752387418294,0.38527692580384454,0.3865163277335062,0.3877557296631678,0.3889951315928294,0.390234533522491,0.3914739354521526,0.39271333738181424,0.3939527393114758,0.39519214124113744,0.39643154317079904,0.39767094510046064
62%,0.3375562753788006,0.33868260429598407,0.3398089332131675,0.340935262130351,0.3420615910475345,0.34318791996471804,0.34431424888190143,0.345440577799085,0.3465669067162685,0.347693235633452,0.3488195645506355,0.34994589346781896,0.35107222238500246,0.3521985513021859,0.35332488021936936,0.35445120913655287,0.3555775380537364,0.3567038669709199,0.3578301958881034,0.35895652480528684,0.3600828537224703,0.36120918263965385,0.3623355115568373,0.3634618404740208,0.36458816939120425,0.36571449830838776,0.36684082722557126,0.36796715614275477,0.3690934850599382,0.37021981397712167,0.3713461428943051,0.3724724718114887,0.37359880072867213,0.37472512964585564,0.37585145856303914,0.3769777874802226,0.37810411639740615,0.3792304453145896,0.38035677423177305,0.3814831031489566,0.38260943206614006,0.38373576098332357,0.3848620899005071,0.3859884188176905,0.387114747734874,0.38824107665205754,0.389367405569241,0.3904937344864245,0.39162006340360794,0.39274639232079145,0.39387272123797495
63%,0.33954393505466496,0.3405555029722814,0.34156707088989796,0.34257863880751444,0.34359020672513096,0.3446017746427475,0.345613342560364,0.34662491047798055,0.3476364783955971,0.3486480463132136,0.3496596142308301,0.3506711821484466,0.35168275006606314,0.3526943179836797,0.35370588590129615,0.3547174538189126,0.3557290217365292,0.3567405896541457,0.35775215757176215,0.35876372548937874,0.3597752934069952,0.36078686132461174,0.36179842924222827,0.3628099971598448,0.3638215650774613,0.3648331329950778,0.36584470091269433,0.36685626883031086,0.36786783674792745,0.3688794046655439,0.3698909725831604,0.3709025405007769,0.37191410841839345,0.3729256763360099,0.3739372442536264,0.374948812171243,0.3759603800888595,0.37697194800647604,0.3779835159240926,0.3789950838417091,0.3800066517593256,0.38101821967694216,0.38202978759455863,0.3830413555121752,0.3840529234297917,0.38506449134740817,0.38607605926502475,0.3870876271826412,0.3880991951002577,0.38911076301787423,0.39012233093549076
64%,0.3416607324554951,0.3425558650756708,0.3434509976958465,0.3443461303160222,0.34524126293619783,0.3461363955563736,0.3470315281765493,0.347926660796725,0.34882179341690067,0.34971692603707644,0.35061205865725215,0.3515071912774278,0.35240232389760356,0.3532974565177793,0.3541925891379549,0.35508772175813064,0.35598285437830635,0.35687798699848206,0.35777311961865776,0.3586682522388335,0.3595633848590092,0.36045851747918484,0.3613536500993606,0.36224878271953626,0.3631439153397119,0.3640390479598877,0.3649341805800634,0.36582931320023904,0.3667244458204148,0.36761957844059046,0.36851471106076616,0.3694098436809418,0.3703049763011176,0.37120010892129324,0.37209524154146895,0.3729903741616446,0.37388550678182036,0.3747806394019961,0.37567577202217184,0.37657090464234744,0.3774660372625232,0.37836116988269886,0.3792563025028746,0.38015143512305033,0.381046567743226,0.3819417003634017,0.3828368329835774,0.3837319656037531,0.3846270982239288,0.38552223084410453,0.38641736346428024
65%,0.34390356480438483,0.34468060034606374,0.3454576358877428,0.3462346714294218,0.3470117069711008,0.34778874251277986,0.3485657780544589,0.3493428135961378,0.3501198491378169,0.35089688467949587,0.35167392022117483,0.3524509557628538,0.3532279913045329,0.3540050268462118,0.3547820623878909,0.35555909792956986,0.3563361334712489,0.3571131690129279,0.35789020455460696,0.35866724009628587,0.3594442756379649,0.3602213111796439,0.36099834672132286,0.3617753822630019,0.36255241780468084,0.3633294533463599,0.364106488888039,0.36488352442971794,0.36566055997139696,0.3664375955130759,0.36721463105475494,0.36799166659643395,0.36876870213811297,0.36954573767979193,0.370322773221471,0.37109980876314996,0.371876844304829,0.372653879846508,0.373430915388187,0.37420795092986603,0.37498498647154505,0.37576202201322406,0.376539057554903,0.3773160930965821,0.37809312863826106,0.3788701641799401,0.3796471997216191,0.3804242352632981,0.3812012708049771,0.3819783063466561,0.38275534188833515
66%,0.34626933027974044,0.3469266180960616,0.34758390591238275,0.3482411937287039,0.348898481545025,0.34955576936134614,0.3502130571776673,0.35087034499398845,0.35152763281030963,0.3521849206266308,0.3528422084429519,0.353499496259273,0.3541567840755942,0.35481407189191533,0.3554713597082365,0.35612864752455764,0.35678593534087877,0.35744322315719995,0.358100510973521,0.3587577987898422,0.35941508660616334,0.36007237442248446,0.3607296622388056,0.3613869500551267,0.36204423787144785,0.36270152568776903,0.3633588135040902,0.36401610132041134,0.3646733891367325,0.3653306769530536,0.3659879647693748,0.36664525258569586,0.36730254040201704,0.36795982821833817,0.3686171160346593,0.36927440385098054,0.36993169166730167,0.37058897948362274,0.3712462672999439,0.37190355511626505,0.3725608429325862,0.3732181307489074,0.3738754185652285,0.3745327063815497,0.3751899941978708,0.37584728201419193,0.3765045698305131,0.37716185764683424,0.37781914546315537,0.3784764332794765,0.3791337210957977
67%,0.3487549359458995,0.3492908349212451,0.34982673389659064,0.35036263287193625,0.3508985318472818,0.3514344308226274,0.35197032979797294,0.3525062287733185,0.35304212774866417,0.35357802672400973,0.3541139256993553,0.35464982467470085,0.3551857236500464,0.355721622625392,0.35625752160073754,0.35679342057608315,0.35732931955142866,0.3578652185267743,0.3584011175021198,0.35893701647746534,0.359472915452811,0.3600088144281566,0.36054471340350214,0.3610806123788477,0.36161651135419326,0.3621524103295388,0.36268830930488444,0.36322420828023,0.36376010725557556,0.3642960062309211,0.3648319052062667,0.36536780418161224,0.36590370315695786,0.3664396021323034,0.366975501107649,0.36751140008299454,0.3680472990583401,0.36858319803368567,0.36911909700903134,0.36965499598437684,0.37019089495972246,0.370726793935068,0.3712626929104136,0.37179859188575914,0.3723344908611047,0.3728703898364504,0.3734062888117959,0.37394218778714144,0.374478086762487,0.3750139857378326,0.3755498847131782
68%,0.35135730506479323,0.35177018177884334,0.35218305849289355,0.3525959352069437,0.35300881192099387,0.35342168863504403,0.35383456534909424,0.35424744206314435,0.3546603187771945,0.3550731954912447,0.3554860722052949,0.35589894891934504,0.3563118256333952,0.3567247023474454,0.3571375790614955,0.3575504557755457,0.3579633324895959,0.35837620920364605,0.3587890859176962,0.3592019626317463,0.3596148393457965,0.3600277160598466,0.3604405927738968,0.36085346948794694,0.36126634620199716,0.3616792229160473,0.36209209963009753,0.3625049763441477,0.36291785305819785,0.36333072977224795,0.36374360648629817,0.36415648320034827,0.3645693599143984,0.36498223662844864,0.36539511334249875,0.36580799005654896,0.3662208667705991,0.3666337434846493,0.3670466201986995,0.3674594969127496,0.3678723736267998,0.36828525034085,0.3686981270549001,0.36911100376895034,0.36952388048300044,0.36993675719705066,0.37034963391110076,0.370762510625151,0.3711753873392011,0.3715882640532513,0.37200114076730145
69%,0.35404567009847177,0.3543351512870231,0.35462463247557435,0.3549141136641257,0.35520359485267694,0.35549307604122826,0.35578255722977953,0.3560720384183309,0.35636151960688217,0.3566510007954335,0.35694048198398476,0.3572299631725361,0.35751944436108735,0.3578089255496386,0.35809840673818993,0.3583878879267412,0.35867736911529247,0.3589668503038438,0.3592563314923951,0.3595458126809463,0.35983529386949764,0.36012477505804896,0.3604142562466003,0.36070373743515155,0.3609932186237028,0.3612826998122541,0.3615721810008054,0.3618616621893567,0.362151143377908,0.36244062456645926,0.3627301057550105,0.36301958694356184,0.36330906813211317,0.3635985493206644,0.3638880305092157,0.364177511697767,0.36446699288631834,0.36475647407486966,0.36504595526342093,0.3653354364519722,0.3656249176405235,0.3659143988290748,0.3662038800176261,0.36649336120617737,0.3667828423947287,0.36707232358328,0.3673618047718313,0.36765128596038255,0.36794076714893387,0.36823024833748513,0.3685197295260364
70%,0.3569001472450901,0.3570620992644577,0.3572240512838253,0.35738600330319287,0.35754795532256045,0.35770990734192804,0.35787185936129556,0.3580338113806632,0.3581957634000308,0.3583577154193984,0.35851966743876595,0.35868161945813354,0.3588435714775011,0.3590055234968687,0.3591674755162363,0.3593294275356039,0.35949137955497146,0.3596533315743391,0.3598152835937067,0.3599772356130742,0.36013918763244185,0.3603011396518094,0.360463091671177,0.3606250436905446,0.3607869957099121,0.36094894772927977,0.3611108997486473,0.36127285176801494,0.3614348037873825,0.3615967558067501,0.36175870782611763,0.36192065984548527,0.3620826118648528,0.3622445638842204,0.36240651590358797,0.3625684679229556,0.36273041994232313,0.3628923719616907,0.3630543239810583,0.36321627600042594,0.3633782280197935,0.3635401800391611,0.36370213205852875,0.3638640840778963,0.3640260360972639,0.36418798811663144,0.3643499401359991,0.3645118921553666,0.3646738441747342,0.3648357961941018,0.36499774821346936
71%,0.35983460501475306,0.35986865846909116,0.3599027119234292,0.35993676537776725,0.35997081883210535,0.36000487228644334,0.36003892574078133,0.36007297919511944,0.36010703264945754,0.3601410861037955,0.3601751395581336,0.3602091930124716,0.3602432464668097,0.3602772999211478,0.3603113533754858,0.36034540682982386,0.36037946028416185,0.3604135137384999,0.360447567192838,0.36048162064717604,0.3605156741015141,0.36054972755585213,0.3605837810101902,0.36061783446452816,0.36065188791886627,0.3606859413732043,0.36071999482754236,0.3607540482818804,0.36078810173621845,0.36082215519055644,0.36085620864489454,0.3608902620992326,0.36092431555357063,0.3609583690079087,0.3609924224622468,0.36102647591658477,0.3610605293709228,0.3610945828252609,0.36112863627959896,0.361162689733937,0.36119674318827505,0.36123079664261315,0.3612648500969512,0.3612989035512892,0.3613329570056273,0.36136701045996533,0.3614010639143033,0.36143511736864137,0.36146917082297947,0.36150322427731746,0.3615372777316555
72%,0.362873806040065,0.3627783346298052,0.3626828632195454,0.3625873918092857,0.3624919203990259,0.36239644898876605,0.3623009775785063,0.36220550616824654,0.36211003475798687,0.3620145633477271,0.36191909193746735,0.36182362052720757,0.36172814911694784,0.36163267770668805,0.3615372062964283,0.36144173488616854,0.3613462634759088,0.3612507920656491,0.36115532065538924,0.3610598492451295,0.3609643778348698,0.36086890642461,0.3607734350143502,0.3606779636040905,0.36058249219383076,0.360487020783571,0.3603915493733112,0.36029607796305146,0.36020060655279174,0.36010513514253195,0.36000966373227217,0.35991419232201244,0.3598187209117526,0.3597232495014929,0.35962777809123314,0.3595323066809734,0.35943683527071363,0.3593413638604539,0.3592458924501941,0.35915042103993444,0.35905494962967466,0.3589594782194149,0.35886400680915514,0.35876853539889536,0.3586730639886356,0.35857759257837585,0.35848212116811606,0.3583866497578563,0.3582911783475966,0.3581957069373368,0.35810023552707704
73%,0.3660148429655465,0.3657882147034935,0.3655615864414405,0.36533495817938744,0.36510832991733444,0.36488170165528144,0.36465507339322845,0.3644284451311754,0.36420181686912245,0.36397518860706946,0.36374856034501646,0.36352193208296346,0.36329530382091046,0.36306867555885736,0.3628420472968044,0.3626154190347514,0.36238879077269837,0.3621621625106454,0.36193553424859237,0.3617089059865394,0.3614822777244864,0.3612556494624334,0.36102902120038033,0.36080239293832733,0.3605757646762743,0.3603491364142213,0.3601225081521683,0.3598958798901153,0.3596692516280623,0.35944262336600924,0.35921599510395624,0.35898936684190325,0.35876273857985025,0.35853611031779725,0.3583094820557442,0.3580828537936912,0.3578562255316382,0.3576295972695852,0.3574029690075322,0.3571763407454792,0.3569497124834262,0.3567230842213732,0.3564964559593202,0.3562698276972672,0.35604319943521423,0.3558165711731612,0.35558994291110824,0.35536331464905513,0.35513668638700213,0.35491005812494913,0.35468342986289614
74%,0.36925485594689467,0.3688954294226318,0.368536002898369,0.3681765763741062,0.36781714984984343,0.3674577233255806,0.3670982968013178,0.36673887027705493,0.36637944375279224,0.36602001722852945,0.36566059070426665,0.3653011641800038,0.364941737655741,0.36458231113147815,0.36422288460721547,0.3638634580829527,0.3635040315586899,0.36314460503442697,0.36278517851016423,0.36242575198590143,0.36206632546163864,0.36170689893737584,0.36134747241311305,0.3609880458888502,0.3606286193645874,0.36026919284032455,0.35990976631606186,0.35955033979179907,0.35919091326753627,0.35883148674327336,0.3584720602190106,0.3581126336947478,0.35775320717048503,0.3573937806462223,0.35703435412195944,0.35667492759769664,0.3563155010734339,0.35595607454917105,0.3555966480249083,0.3552372215006455,0.3548777949763827,0.3545183684521199,0.35415894192785713,0.3537995154035943,0.35344008887933154,0.35308066235506874,0.35272123583080595,0.3523618093065431,0.35200238278228024,0.35164295625801756,0.3512835297337547
75%,0.36261461517050203,0.36222049955994806,0.36182638394939415,0.3614322683388403,0.3610381527282865,0.3606440371177326,0.36024992150717866,0.3598558058966248,0.35946169028607095,0.3590675746755171,0.35867345906496323,0.3582793434544093,0.35788522784385546,0.35749111223330154,0.3570969966227477,0.35670288101219383,0.3563087654016399,0.355914649791086,0.3555205341805322,0.3551264185699783,0.35473230295942443,0.3543381873488705,0.3539440717383166,0.3535499561277628,0.3531558405172089,0.352761724906655,0.35236760929610117,0.3519734936855472,0.3515793780749934,0.3511852624644395,0.35079114685388557,0.3503970312433317,0.35000291563277786,0.34960880002222394,0.3492146844116701,0.3488205688011162,0.3484264531905623,0.3480323375800085,0.3476382219694546,0.34724410635890074,0.3468499907483469,0.34645587513779297,0.34606175952723917,0.34566764391668525,0.34527352830613134,0.3448794126955775,0.3444852970850236,0.3440911814744697,0.3436970658639158,0.34330295025336194,0.3429088346428081
76%,0.3726020901553007,0.3720062690329247,0.3714104479105487,0.37081462678817273,0.37021880566579674,0.36962298454342074,0.3690271634210448,0.36843134229866886,0.3678355211762929,0.36723970005391693,0.366643878931541,0.366048057809165,0.365452236686789,0.364856415564413,0.36426059444203707,0.363664773319661,0.363068952197285,0.362473131074909,0.3618773099525331,0.3612814888301571,0.36068566770778115,0.3600898465854051,0.35949402546302917,0.3588982043406532,0.35830238321827723,0.3577065620959012,0.3571107409735253,0.35651491985114925,0.3559190987287733,0.3553232776063973,0.3547274564840213,0.3541316353616453,0.3535358142392694,0.3529399931168934,0.3523441719945174,0.35174835087214146,0.35115252974976546,0.3505567086273895,0.34996088750501353,0.3493650663826376,0.34876924526026154,0.3481734241378856,0.34757760301550966,0.3469817818931336,0.3463859607707577,0.3457901396483817,0.3451943185260057,0.3445984974036297,0.3440026762812537,0.34340685515887776,0.34281103403650176
77%,0.382678719016475,0.38187951087946304,0.38108030274245114,0.3802810946054392,0.37948188646842723,0.37868267833141533,0.3778834701944034,0.37708426205739143,0.37628505392037964,0.37548584578336763,0.3746866376463557,0.37388742950934384,0.3730882213723319,0.37228901323531993,0.37148980509830803,0.3706905969612961,0.3698913888242842,0.3690921806872722,0.3682929725502603,0.3674937644132484,0.36669455627623637,0.3658953481392245,0.3650961400022126,0.36429693186520057,0.3634977237281887,0.3626985155911767,0.3618993074541648,0.361100099317153,0.36030089118014097,0.359501683043129,0.3587024749061171,0.35790326676910517,0.35710405863209316,0.3563048504950813,0.35550564235806936,0.35470643422105747,0.3539072260840455,0.3531080179470336,0.35230880981002166,0.35150960167300976,0.3507103935359978,0.3499111853989859,0.34911197726197396,0.348312769124962,0.3475135609879501,0.3467143528509382,0.34591514471392626,0.3451159365769143,0.34431672843990235,0.3435175203028904,0.3427183121658785
78%,0.3928418905802642,0.39183758384418,0.39083327710809573,0.3898289703720116,0.3888246636359274,0.3878203568998432,0.386816050163759,0.3858117434276747,0.38480743669159057,0.3838031299555063,0.3827988232194221,0.3817945164833379,0.38079020974725375,0.37978590301116955,0.3787815962750853,0.3777772895390011,0.3767729828029169,0.3757686760668327,0.37476436933074847,0.3737600625946643,0.3727557558585801,0.3717514491224959,0.37074714238641165,0.3697428356503275,0.3687385289142432,0.367734222178159,0.3667299154420749,0.3657256087059907,0.3647213019699065,0.3637169952338222,0.362712688497738,0.36170838176165376,0.36070407502556956,0.35969976828948536,0.35869546155340115,0.357691154817317,0.3566868480812328,0.35568254134514865,0.3546782346090644,0.3536739278729802,0.352669621136896,0.35166531440081183,0.35066100766472763,0.34965670092864337,0.34865239419255917,0.347648087456475,0.3466437807203908,0.34563947398430656,0.3446351672482223,0.34363086051213815,0.34262655377605394
79%,0.4030890522302202,0.40187789830015164,0.40066674437008315,0.3994555904400145,0.398244436509946,0.3970332825798774,0.3958221286498089,0.3946109747197404,0.39339982078967184,0.39218866685960324,0.3909775129295347,0.3897663589994662,0.3885552050693977,0.3873440511393291,0.3861328972092606,0.384921743279192,0.38371058934912344,0.3824994354190549,0.3812882814889864,0.3800771275589178,0.3788659736288492,0.37765481969878073,0.37644366576871224,0.37523251183864365,0.37402135790857505,0.37281020397850656,0.3715990500484381,0.3703878961183696,0.36917674218830093,0.36796558825823245,0.3667544343281638,0.36554328039809525,0.36433212646802676,0.3631209725379582,0.3619098186078897,0.3606986646778211,0.3594875107477526,0.358276356817684,0.3570652028876155,0.35585404895754696,0.3546428950274785,0.35343174109740993,0.3522205871673414,0.3510094332372728,0.34979827930720425,0.3485871253771357,0.3473759714470672,0.34616481751699857,0.3449536635869301,0.3437425096568615,0.34253135572679294
80%,0.4134177111572899,0.4119979164671168,0.4105781217769436,0.40915832708677047,0.40773853239659735,0.4063187377064241,0.404898943016251,0.4034791483260778,0.40205935363590467,0.4006395589457316,0.3992197642555584,0.39779996956538527,0.3963801748752121,0.3949603801850389,0.3935405854948658,0.39212079080469264,0.39070099611451947,0.3892812014243463,0.38786140673417313,0.386441612044,0.38502181735382685,0.3836020226636537,0.3821822279734805,0.38076243328330733,0.37934263859313416,0.37792284390296105,0.37650304921278793,0.37508325452261476,0.37366345983244154,0.37224366514226837,0.37082387045209525,0.36940407576192213,0.36798428107174896,0.3665644863815758,0.3651446916914026,0.3637248970012295,0.36230510231105634,0.36088530762088317,0.35946551293071005,0.3580457182405369,0.3566259235503637,0.35520612886019054,0.3537863341700174,0.3523665394798443,0.35094674478967114,0.34952695009949797,0.3481071554093248,0.3466873607191516,0.34526756602897846,0.34384777133880534,0.3424279766486321
81%,0.42382543527946687,0.42219515208388536,0.4205648688883038,0.41893458569272224,0.4173043024971408,0.4156740193015592,0.4140437361059777,0.41241345291039627,0.41078316971481477,0.40915288651923326,0.40752260332365176,0.4058923201280702,0.40426203693248874,0.4026317537369071,0.4010014705413256,0.3993711873457441,0.3977409041501626,0.39611062095458105,0.3944803377589996,0.3928500545634181,0.3912197713678366,0.3895894881722551,0.3879592049766735,0.386328921781092,0.3846986385855105,0.383068355389929,0.38143807219434755,0.379807788998766,0.3781775058031845,0.3765472226076029,0.3749169394120214,0.3732866562164399,0.3716563730208583,0.37002608982527685,0.36839580662969534,0.36676552343411384,0.36513524023853233,0.3635049570429508,0.3618746738473694,0.3602443906517878,0.3586141074562063,0.3569838242606248,0.35535354106504335,0.3537232578694618,0.35209297467388034,0.3504626914782988,0.34883240828271733,0.3472021250871357,0.3455718418915542,0.3439415586959727,0.3423112755003912
82%,0.43430985386013643,0.43246716950372655,0.4306244851473169,0.4287818007909071,0.4269391164344972,0.42509643207808756,0.4232537477216777,0.421411063365268,0.41956837900885824,0.41772569465244846,0.4158830102960387,0.4140403259396289,0.4121976415832192,0.41035495722680937,0.4085122728703996,0.4066695885139899,0.4048269041575801,0.40298421980117033,0.4011415354447606,0.39929885108835084,0.39745616673194106,0.3956134823755312,0.3937707980191214,0.39192811366271174,0.39008542930630197,0.3882427449498922,0.3864000605934824,0.3845573762370727,0.3827146918806629,0.3808720075242531,0.3790293231678433,0.37718663881143355,0.3753439544550238,0.3735012700986141,0.37165858574220434,0.3698159013857945,0.36797321702938474,0.36613053267297496,0.3642878483165652,0.36244516396015547,0.36060247960374575,0.35875979524733603,0.35691711089092615,0.3550744265345164,0.35323174217810666,0.3513890578216969,0.34954637346528716,0.34770368910887733,0.3458610047524675,0.34401832039605773,0.34217563603964807
83%,0.4448686578531812,0.4428115821599311,0.4407545064666811,0.438697430773431,0.43664035508018084,0.4345832793869308,0.4325262036936807,0.43046912800043075,0.42841205230718066,0.4263549766139306,0.42429790092068054,0.42224082522743045,0.4201837495341803,0.4181266738409302,0.41606959814768024,0.4140125224544301,0.41195544676118007,0.40989837106793,0.4078412953746799,0.4057842196814298,0.40372714398817977,0.40167006829492974,0.3996129926016796,0.3975559169084296,0.3954988412151795,0.3934417655219294,0.39138468982867936,0.3893276141354293,0.38727053844217924,0.3852134627489291,0.383156387055679,0.38109931136242897,0.3790422356691789,0.37698515997592874,0.37492808428267876,0.37287100858942873,0.37081393289617864,0.3687568572029286,0.3666997815096785,0.36464270581642844,0.36258563012317835,0.36052855442992826,0.3584714787366783,0.3564144030434282,0.3543573273501781,0.352300251656928,0.35024317596367793,0.34818610027042785,0.34612902457717776,0.3440719488839277,0.34201487319067764
84%,0.45549960000168693,0.4532260503184349,0.4509525006351829,0.44867895095193083,0.4464054012686788,0.4441318515854268,0.4418583019021748,0.4395847522189226,0.43731120253567063,0.43503765285241863,0.43276410316916664,0.43049055348591464,0.42821700380266264,0.42594345411941065,0.42366990443615854,0.4213963547529065,0.4191228050696545,0.41684925538640244,0.41457570570315044,0.41230215601989834,0.41002860633664634,0.4077550566533944,0.4054815069701424,0.4032079572868903,0.40093440760363824,0.39866085792038625,0.39638730823713425,0.3941137585538822,0.3918402088706302,0.3895666591873781,0.3872931095041261,0.385019559820874,0.38274601013762205,0.38047246045437005,0.378198910771118,0.375925361087866,0.37365181140461395,0.3713782617213619,0.36910471203810996,0.3668311623548579,0.36455761267160586,0.36228406298835386,0.36001051330510186,0.3577369636218498,0.3554634139385978,0.35318986425534576,0.35091631457209377,0.3486427648888417,0.34636921520558966,0.3440956655223376,0.3418221158390856
85%,0.46620049471574365,0.4637082779911126,0.46121606126648157,0.45872384454185045,0.4562316278172194,0.4537394110925883,0.45124719436795724,0.4487549776433262,0.4462627609186952,0.44377054419406414,0.441278327469433,0.43878611074480206,0.436293894020171,0.43380167729553987,0.43130946057090885,0.4288172438462778,0.4263250271216467,0.4238328103970156,0.4213405936723846,0.4188483769477535,0.4163561602231224,0.41386394349849137,0.4113717267738603,0.4088795100492293,0.40638729332459816,0.4038950765999671,0.40140285987533614,0.39891064315070507,0.396418426426074,0.39392620970144293,0.39143399297681186,0.38894177625218074,0.38644955952754967,0.38395734280291866,0.3814651260782876,0.3789729093536566,0.37648069262902545,0.37398847590439444,0.37149625917976337,0.3690040424551323,0.3665118257305013,0.36401960900587027,0.3615273922812392,0.3590351755566081,0.35654295883197706,0.354050742107346,0.3515585253827149,0.34906630865808386,0.3465740919334528,0.3440818752088217,0.34158965848419065
86%,0.4769692177534091,0.47425600882026436,0.4715427998871195,0.4688295909539748,0.46611638202083,0.4634031730876852,0.46068996415454033,0.4579767552213955,0.4552635462882508,0.452550337355106,0.4498371284219613,0.4471239194888164,0.4444107105556716,0.44169750162252674,0.4389842926893821,0.43627108375623724,0.43355787482309244,0.43084466588994763,0.42813145695680277,0.425418248023658,0.42270503909051316,0.4199918301573684,0.4172786212242236,0.4145654122910788,0.41185220335793393,0.4091389944247892,0.4064257854916445,0.4037125765584997,0.4009993676253549,0.39828615869221,0.3955729497590652,0.39285974082592034,0.39014653189277565,0.3874333229596308,0.384720114026486,0.38200690509334123,0.3792936961601965,0.3765804872270517,0.37386727829390687,0.37115406936076206,0.36844086042761726,0.3657276514944725,0.36301444256132764,0.3603012336281829,0.3575880246950381,0.3548748157618933,0.3521616068287485,0.34944839789560367,0.3467351889624589,0.3440219800293141,0.3413087710961693
87%,0.48780370572742404,0.48486702065074194,0.4819303355740597,0.47899365049737747,0.4760569654206953,0.47312028034401304,0.47018359526733083,0.4672469101906486,0.46431022511396647,0.4613735400372842,0.4584368549606021,0.45550016988391984,0.4525634848072376,0.44962679973055536,0.4466901146538732,0.443753429577191,0.44081674450050873,0.4378800594238266,0.4349433743471443,0.43200668927046215,0.42907000419377983,0.4261333191170977,0.42319663404041546,0.4202599489637332,0.41732326388705104,0.41438657881036883,0.4114498937336867,0.40851320865700447,0.40557652358032226,0.40263983850364,0.3997031534269578,0.39676646835027557,0.3938297832735933,0.39089309819691115,0.3879564131202289,0.3850197280435468,0.3820830429668645,0.3791463578901823,0.37620967281350015,0.3732729877368179,0.37033630266013573,0.3673996175834535,0.36446293250677136,0.3615262474300891,0.35858956235340694,0.3556528772767247,0.3527161922000424,0.34977950712336026,0.34684282204667805,0.3439061369699958,0.3409694518933135
88%,0.4987019554587629,0.49553911836216946,0.492376281265576,0.48921344416898244,0.48605060707238895,0.4828877699757955,0.47972493287920204,0.47656209578260855,0.4733992586860152,0.4702364215894217,0.4670735844928282,0.46391074739623467,0.46074791029964124,0.45758507320304775,0.45442223610645427,0.45125939900986073,0.44809656191326724,0.44493372481667376,0.4417708877200803,0.4386080506234868,0.4354452135268933,0.4322823764302998,0.42911953933370633,0.42595670223711285,0.42279386514051936,0.4196310280439259,0.41646819094733245,0.41330535385073897,0.4101425167541455,0.40697967965755194,0.4038168425609585,0.40065400546436497,0.3974911683677715,0.394328331271178,0.3911654941745845,0.38800265707799114,0.3848398199813976,0.3816769828848042,0.37851414578821063,0.3753513086916172,0.3721884715950237,0.3690256344984302,0.3658627974018367,0.3626999603052432,0.35953712320864983,0.35637428611205635,0.35321144901546286,0.3500486119188693,0.34688577482227584,0.34372293772568235,0.34056010062908887
89%,0.5096620231966141,0.5062701243069498,0.5028782254172856,0.4994863265276212,0.4960944276379569,0.49270252874829257,0.4893106298586282,0.485918730968964,0.4825268320792997,0.4791349331896354,0.47574303429997106,0.4723511354103067,0.4689592365206424,0.46556733763097813,0.4621754387413138,0.45878353985164944,0.4553916409619852,0.45199974207232085,0.4486078431826566,0.4452159442929922,0.44182404540332787,0.4384321465136636,0.43504024762399934,0.43164834873433494,0.4282564498446706,0.4248645509550064,0.4214726520653421,0.4180807531756778,0.41468885428601343,0.41129695539634914,0.4079050565066848,0.4045131576170205,0.40112125872735616,0.39772935983769186,0.3943374609480276,0.3909455620583632,0.38755366316869894,0.3841617642790346,0.3807698653893703,0.377377966499706,0.3739860676100417,0.3705941687203774,0.36720226983071313,0.3638103709410488,0.3604184720513845,0.3570265731617202,0.35363467427205586,0.35024277538239157,0.3468508764927272,0.34345897760306293,0.3400670787133986
90%,0.5206820237228927,0.5170578653308643,0.5134337069388358,0.5098095485468074,0.5061853901547789,0.5025612317627506,0.498937073370722,0.4953129149786936,0.4916887565866653,0.4880645981946367,0.48444043980260837,0.4808162814105798,0.4771921230185514,0.4735679646265229,0.4699438062344945,0.466319647842466,0.4626954894504376,0.45907133105840914,0.45544717266638063,0.4518230142743522,0.4481988558823238,0.4445746974902953,0.44095053909826687,0.43732638070623836,0.43370222231420996,0.4300780639221815,0.4264539055301531,0.4228297471381246,0.41920558874609615,0.4155814303540677,0.4119572719620393,0.40833311357001073,0.40470895517798233,0.4010847967859538,0.3974606383939254,0.39383648000189697,0.39021232160986863,0.3865881632178401,0.3829640048258117,0.37933984643378327,0.3757156880417548,0.37209152964972636,0.3684673712576979,0.36484321286566945,0.361219054473641,0.35759489608161255,0.3539707376895841,0.35034657929755564,0.3467224209055272,0.34309826251349873,0.3394741041214703
91%,0.5317601293579504,0.5279001547307245,0.5240401801034986,0.5201802054762726,0.5163202308490467,0.5124602562218208,0.5086002815945949,0.5047403069673689,0.5008803323401432,0.49702035771291725,0.4931603830856914,0.48930040845846534,0.4854404338312396,0.4815804592040136,0.47772048457678773,0.47386050994956175,0.4700005353223358,0.46614056069510995,0.4622805860678841,0.45842061144065815,0.4545606368134323,0.45070066218620625,0.4468406875589805,0.44298071293175445,0.43912073830452863,0.43526076367730265,0.4314007890500767,0.4275408144228509,0.42368083979562493,0.419820865168399,0.41596089054117313,0.41210091591394715,0.4082409412867213,0.4043809666594953,0.4005209920322695,0.39666101740504356,0.3928010427778177,0.38894106815059176,0.3850810935233659,0.38122111889614,0.37736114426891404,0.37350116964168817,0.3696411950144623,0.36578122038723637,0.3619212457600104,0.3580612711327846,0.35420129650555854,0.3503413218783327,0.3464813472511068,0.3426213726238809,0.33876139799665494
92%,0.542894568882756,0.5387947664082793,0.5346949639338026,0.530595161459326,0.5264953589848492,0.5223955565103725,0.5182957540358958,0.5141959515614192,0.5100961490869426,0.5059963466124658,0.5018965441379891,0.4977967416635124,0.49369693918903584,0.489597136714559,0.48549733424008235,0.4813975317656056,0.4772977292911289,0.47319792681665224,0.4690981243421755,0.46499832186769885,0.4608985193932222,0.4567987169187455,0.45269891444426885,0.44859911196979213,0.4444993094953154,0.4403995070208387,0.436299704546362,0.4321999020718854,0.4281000995974087,0.424000297122932,0.41990049464845525,0.41580069217397864,0.4117008896995019,0.40760108722502514,0.4035012847505485,0.3994014822760718,0.39530167980159514,0.39120187732711853,0.3871020748526418,0.38300227237816514,0.3789024699036884,0.37480266742921176,0.37070286495473503,0.3666030624802583,0.36250326000578165,0.358403457531305,0.3543036550568283,0.3502038525823516,0.3461040501078749,0.3420042476333982,0.3379044451589215
93%,0.5540836263914682,0.5497393964544516,0.5453951665174351,0.5410509365804187,0.5367067066434021,0.5323624767063857,0.5280182467693691,0.5236740168323527,0.5193297868953363,0.5149855569583197,0.5106413270213033,0.5062970970842867,0.5019528671472703,0.4976086372102537,0.4932644072732372,0.48892017733622073,0.48457594739920423,0.4802317174621878,0.4758874875251713,0.4715432575881548,0.46719902765113824,0.46285479771412175,0.4585105677771052,0.45416633784008875,0.44982210790307225,0.44547787796605576,0.44113364802903937,0.4367894180920229,0.4324451881550064,0.42810095821798977,0.4237567282809734,0.41941249834395683,0.41506826840694033,0.4107240384699238,0.4063798085329073,0.4020355785958909,0.39769134865887434,0.3933471187218578,0.3890028887848414,0.38465865884782485,0.3803144289108084,0.37597019897379186,0.3716259690367755,0.367281739099759,0.3629375091627425,0.358593279225726,0.35424904928870943,0.34990481935169293,0.34556058941467643,0.34121635947765994,0.3368721295406435
94%,0.5653256400870605,0.5607316034259613,0.5561375667648624,0.5515435301037632,0.5469494934426642,0.542355456781565,0.537761420120466,0.5331673834593669,0.5285733467982678,0.5239793101371686,0.5193852734760696,0.5147912368149704,0.5101972001538714,0.5056031634927723,0.5010091268316732,0.4964150901705741,0.4918210535094751,0.487227016848376,0.48263298018727685,0.4780389435261777,0.4734449068650787,0.4688508702039796,0.4642568335428805,0.4596627968817814,0.4550687602206823,0.4504747235595832,0.4458806868984841,0.4412866502373851,0.43669261357628597,0.4320985769151868,0.42750454025408774,0.42291050359298865,0.4183164669318895,0.41372243027079036,0.40912839360969133,0.4045343569485923,0.3999403202874932,0.3953462836263941,0.390752246965295,0.3861582103041959,0.3815641736430968,0.37697013698199777,0.3723761003208987,0.36778206365979965,0.3631880269987005,0.3585939903376014,0.35399995367650233,0.34940591701540324,0.34481188035430416,0.34021784369320507,0.335623807032106
95%,0.5766190010314455,0.5717687102032731,0.5669184193751007,0.5620681285469283,0.557217837718756,0.5523675468905835,0.5475172560624112,0.5426669652342387,0.5378166744060664,0.532966383577894,0.5281160927497217,0.5232658019215493,0.5184155110933769,0.5135652202652043,0.508714929437032,0.5038646386088597,0.49901434778068726,0.49416405695251486,0.4893137661243426,0.48446347529617007,0.47961318446799767,0.4747628936398253,0.4699126028116529,0.46506231198348047,0.4602120211553081,0.4553617303271357,0.4505114394989634,0.445661148670791,0.4408108578426186,0.43596056701444613,0.4311102761862738,0.4262599853581014,0.42140969452992894,0.4165594037017566,0.4117091128735842,0.4068588220454118,0.4020085312172394,0.397158240389067,0.39230794956089465,0.38745765873272225,0.38260736790454986,0.3777570770763775,0.37290678624820517,0.3680564954200327,0.3632062045918603,0.3583559137636879,0.3535056229355156,0.3486553321073431,0.3438050412791707,0.3389547504509983,0.3341044596228259
96%,0.5879621518604093,0.5828476309950001,0.577733110129591,0.5726185892641821,0.567504068398773,0.5623895475333639,0.5572750266679549,0.5521605058025459,0.547045984937137,0.5419314640717279,0.5368169432063188,0.5317024223409097,0.5265879014755006,0.5214733806100916,0.5163588597446824,0.5112443388792736,0.5061298180138644,0.5010152971484554,0.49590077628304624,0.4907862554176373,0.48567173455222823,0.48055721368681925,0.4754426928214101,0.47032817195600113,0.465213651090592,0.460099130225183,0.454984609359774,0.44987008849436494,0.44475556762895585,0.43964104676354676,0.4345265258981377,0.4294120050327287,0.42429748416731955,0.41918296330191057,0.41406844243650154,0.40895392157109245,0.4038394007056834,0.3987248798402743,0.39361035897486535,0.38849583810945626,0.3833813172440473,0.3782667963786382,0.37315227551322916,0.3680377546478201,0.36292323378241115,0.35780871291700206,0.35269419205159297,0.3475796711861839,0.34246515032077485,0.3373506294553658,0.3322361085899568
97%,0.5993535854726127,0.5939645368704598,0.5885754882683069,0.5831864396661538,0.5777973910640007,0.5724083424618478,0.5670192938596949,0.5616302452575419,0.5562411966553891,0.550852148053236,0.5454630994510831,0.5400740508489301,0.5346850022467771,0.5292959536446242,0.5239069050424712,0.5185178564403182,0.5131288078381652,0.5077397592360122,0.5023507106338593,0.4969616620317063,0.49157261342955333,0.48618356482740027,0.4807945162252474,0.4754054676230944,0.4700164190209415,0.4646273704187884,0.4592383218166355,0.4538492732144826,0.4484602246123296,0.44307117601017654,0.43768212740802365,0.43229307880587065,0.4269040302037176,0.42151498160156464,0.41612593299941164,0.41073688439725875,0.4053478357951058,0.3999587871929528,0.39456973859079986,0.38918068998864686,0.38379164138649385,0.37840259278434096,0.373013544182188,0.36762449558003507,0.36223544697788207,0.356846398375729,0.35145734977357607,0.3460683011714232,0.3406792525692702,0.3352902039671172,0.3299011553649642
98%,0.6107918437009172,0.6051141199330137,0.5994363961651101,0.5937586723972067,0.5880809486293033,0.5824032248613997,0.5767255010934962,0.5710477773255928,0.5653700535576892,0.5596923297897857,0.5540146060218821,0.5483368822539787,0.5426591584860753,0.5369814347181717,0.5313037109502682,0.5256259871823646,0.5199482634144611,0.5142705396465576,0.5085928158786541,0.5029150921107507,0.4972373683428471,0.4915596445749436,0.4858819208070402,0.48020419703913664,0.4745264732712331,0.46884874950332955,0.4631710257354262,0.45749330196752264,0.4518155781996191,0.4461378544317156,0.44046013066381207,0.4347824068959086,0.42910468312800504,0.42342695936010155,0.41774923559219806,0.41207151182429463,0.40639378805639104,0.40071606428848755,0.39503834052058406,0.3893606167526806,0.38368289298477704,0.37800516921687355,0.3723274454489701,0.3666497216810666,0.36097199791316303,0.35529427414525955,0.3496165503773561,0.3439388266094525,0.33826110284154903,0.3325833790736455,0.32690565530574206
99%,0.6222755159733842,0.6162876196643056,0.6102997233552269,0.6043118270461483,0.5983239307370696,0.5923360344279909,0.5863481381189123,0.5803602418098336,0.5743723455007551,0.5683844491916764,0.5623965528825977,0.5564086565735191,0.5504207602644404,0.5444328639553618,0.5384449676462831,0.5324570713372045,0.5264691750281258,0.5204812787190473,0.5144933824099687,0.50850548610089,0.5025175897918113,0.4965296934827327,0.4905417971736541,0.4845539008645754,0.4785660045554967,0.47257810824641805,0.4665902119373395,0.4606023156282608,0.4546144193191822,0.4486265230101036,0.4426386267010249,0.43665073039194624,0.43066283408286765,0.42467493777378895,0.41868704146471025,0.4126991451556317,0.4067112488465531,0.40072335253747443,0.3947354562283958,0.38874755991931714,0.3827596636102385,0.3767717673011599,0.37078387099208127,0.36479597468300257,0.358808078373924,0.35282018206484533,0.34683228575576663,0.340844389446688,0.3348564931376094,0.3288685968285307,0.32288070051945206
100%,0.633803237970447,0.6274652055907426,0.6211271732110382,0.6147891408313336,0.6084511084516291,0.6021130760719247,0.5957750436922202,0.5894370113125157,0.5830989789328113,0.5767609465531068,0.5704229141734023,0.5640848817936979,0.5577468494139933,0.5514088170342889,0.5450707846545845,0.5387327522748799,0.5323947198951755,0.526056687515471,0.5197186551357665,0.513380622756062,0.5070425903763576,0.5007045579966531,0.49436652561694866,0.4880284932372442,0.4816904608575397,0.4753524284778352,0.46901439609813084,0.46267636371842635,0.45633833133872187,0.4500002989590174,0.4436622665793129,0.4373242341996084,0.43098620181990394,0.42464816944019945,0.41831013706049497,0.41197210468079054,0.40563407230108606,0.39929603992138163,0.3929580075416772,0.3866199751619727,0.38028194278226823,0.3739439104025638,0.3676058780228593,0.36126784564315484,0.35492981326345036,0.34859178088374587,0.3422537485040414,0.3359157161243369,0.3295776837446324,0.32323965136492805,0.3169016189852235
