,w_E=0%,w_E=1%,w_E=2%,w_E=3%,w_E=4%,w_E=5%,w_E=6%,w_E=7%,w_E=8%,w_E=9%,w_E=10%,w_E=11%,w_E=12%,w_E=13%,w_E=14%,w_E=15%,w_E=16%,w_E=17%,w_E=18%,w_E=19%,w_E=20%,w_E=21%,w_E=22%,w_E=23%,w_E=24%,w_E=25%,w_E=26%,w_E=27%,w_E=28%,w_E=29%,w_E=30%,w_E=31%,w_E=32%,w_E=33%,w_E=34%,w_E=35%,w_E=36%,w_E=37%,w_E=38%,w_E=39%,w_E=40%,w_E=41%,w_E=42%,w_E=43%,w_E=44%,w_E=45%,w_E=46%,w_E=47%,w_E=48%,w_E=49%,w_E=50%
α=0%,1.0,0.9999999999999999,1.0,1.0,1.0,0.9999999999999999,0.9999999999999999,0.9999999999999999,1.0,1.0000000000000002,1.0,1.0,1.0,1.0,1.0,1.0,1.0,1.0,1.0,1.0,0.9999999999999999,1.0,1.0,1.0,0.9999999999999999,1.0,1.0,1.0,1.0,0.9999999999999999,0.9999999999999999,0.9999999999999999,0.9999999999999998,0.9999999999999999,0.9999999999999999,0.9999999999999999,1.0,1.0,1.0,1.0,1.0,1.0,1.0,1.0,1.0,1.0,1.0,1.0,1.0,1.0,1.0
α=1%,0.9871286620307423,0.9871719745653599,0.9872152870999776,0.9872585996345951,0.9873019121692127,0.9873452247038302,0.9873885372384479,0.9874318497730654,0.9874751623076832,0.9875184748423007,0.9875617873769184,0.9876050999115359,0.9876484124461534,0.9876917249807712,0.9877350375153886,0.9877783500500062,0.9878216625846239,0.9878649751192414,0.9879082876538591,0.9879516001884766,0.9879949127230944,0.9880382252577118,0.9880815377923293,0.9881248503269471,0.9881681628615646,0.9882114753961821,0.9882547879307999,0.9882981004654174,0.988341413000035,0.9883847255346524,0.98842803806927,0.9884713506038876,0.9885146631385052,0.9885579756731229,0.9886012882077404,0.988644600742358,0.9886879132769757,0.9887312258115932,0.988774538346211,0.9888178508808285,0.988861163415446,0.9889044759500637,0.9889477884846813,0.9889911010192989,0.9890344135539166,0.9890777260885342,0.9891210386231516,0.9891643511577692,0.9892076636923868,0.9892509762270043,0.9892942887616221
α=2%,0.974263851881191,0.9743503495792433,0.9744368472772954,0.9745233449753479,0.9746098426734001,0.9746963403714523,0.9747828380695045,0.9748693357675569,0.9749558334656091,0.9750423311636615,0.9751288288617137,0.975215326559766,0.9753018242578182,0.9753883219558706,0.9754748196539227,0.9755613173519749,0.9756478150500272,0.9757343127480794,0.9758208104461317,0.975907308144184,0.9759938058422363,0.9760803035402885,0.9761668012383408,0.976253298936393,0.9763397966344451,0.9764262943324976,0.9765127920305499,0.976599289728602,0.9766857874266544,0.9767722851247065,0.9768587828227588,0.9769452805208111,0.9770317782188633,0.9771182759169157,0.9772047736149678,0.9772912713130201,0.9773777690110725,0.9774642667091247,0.977550764407177,0.9776372621052292,0.9777237598032814,0.9778102575013338,0.977896755199386,0.9779832528974384,0.9780697505954905,0.9781562482935429,0.978242745991595,0.9783292436896474,0.9784157413876996,0.9785022390857518,0.978588736783804
α=3%,0.961405770933154,0.9615353231569361,0.9616648753807182,0.9617944276045005,0.9619239798282827,0.9620535320520649,0.962183084275847,0.9623126364996292,0.9624421887234116,0.9625717409471937,0.9627012931709757,0.9628308453947579,0.9629603976185402,0.9630899498423224,0.9632195020661045,0.9633490542898866,0.9634786065136688,0.963608158737451,0.9637377109612333,0.9638672631850154,0.9639968154087974,0.9641263676325796,0.9642559198563618,0.964385472080144,0.9645150243039262,0.9646445765277084,0.9647741287514906,0.9649036809752727,0.9650332331990549,0.9651627854228368,0.9652923376466191,0.9654218898704013,0.9655514420941835,0.9656809943179656,0.9658105465417477,0.96594009876553,0.9660696509893122,0.9661992032130944,0.9663287554368767,0.9664583076606588,0.9665878598844408,0.9667174121082232,0.9668469643320052,0.9669765165557874,0.9671060687795697,0.9672356210033518,0.967365173227134,0.9674947254509161,0.9676242776746983,0.9677538298984805,0.9678833821222625
α=4%,0.9485546285743431,0.948727101302666,0.948899574030989,0.9490720467593119,0.9492445194876349,0.9494169922159577,0.9495894649442806,0.9497619376726035,0.9499344104009265,0.9501068831292496,0.9502793558575724,0.9504518285858955,0.9506243013142182,0.9507967740425411,0.9509692467708641,0.951141719499187,0.95131419222751,0.951486664955833,0.9516591376841559,0.9518316104124789,0.9520040831408016,0.9521765558691246,0.9523490285974476,0.9525215013257705,0.9526939740540935,0.9528664467824164,0.9530389195107394,0.9532113922390624,0.9533838649673851,0.9535563376957081,0.953728810424031,0.9539012831523539,0.9540737558806769,0.9542462286089998,0.9544187013373228,0.9545911740656456,0.9547636467939685,0.9549361195222915,0.9551085922506145,0.9552810649789374,0.9554535377072604,0.9556260104355833,0.9557984831639064,0.9559709558922294,0.9561434286205521,0.956315901348875,0.956488374077198,0.9566608468055209,0.9568333195338439,0.9570057922621668,0.9571782649904896
α=5%,0.9357106425799774,0.935925898285942,0.9361411539919064,0.9363564096978708,0.9365716654038354,0.9367869211098,0.9370021768157647,0.9372174325217292,0.9374326882276938,0.9376479439336584,0.9378631996396228,0.9380784553455873,0.9382937110515519,0.9385089667575164,0.938724222463481,0.9389394781694456,0.9391547338754099,0.9393699895813745,0.9395852452873391,0.9398005009933037,0.9400157566992682,0.9402310124052327,0.9404462681111974,0.9406615238171618,0.9408767795231263,0.9410920352290909,0.9413072909350554,0.9415225466410201,0.9417378023469847,0.9419530580529492,0.9421683137589136,0.9423835694648781,0.9425988251708427,0.9428140808768073,0.9430293365827718,0.9432445922887362,0.943459847994701,0.9436751037006654,0.9438903594066299,0.9441056151125945,0.9443208708185591,0.9445361265245236,0.9447513822304882,0.9449666379364527,0.9451818936424173,0.9453971493483817,0.9456124050543464,0.9458276607603109,0.9460429164662754,0.9462581721722398,0.9464734278782044
α=6%,0.9228740395150532,0.9231319370382834,0.9233898345615137,0.9236477320847439,0.9239056296079742,0.9241635271312043,0.9244214246544347,0.9246793221776649,0.9249372197008952,0.9251951172241253,0.9254530147473556,0.9257109122705859,0.9259688097938161,0.9262267073170463,0.9264846048402765,0.9267425023635067,0.927000399886737,0.9272582974099672,0.9275161949331976,0.9277740924564278,0.9280319899796581,0.9282898875028883,0.9285477850261185,0.9288056825493489,0.929063580072579,0.9293214775958092,0.9295793751190395,0.9298372726422697,0.9300951701655,0.9303530676887302,0.9306109652119604,0.9308688627351906,0.9311267602584209,0.9313846577816511,0.9316425553048813,0.9319004528281116,0.9321583503513418,0.9324162478745721,0.9326741453978024,0.9329320429210327,0.933189940444263,0.9334478379674932,0.9337057354907234,0.9339636330139536,0.9342215305371839,0.9344794280604141,0.9347373255836443,0.9349952231068746,0.9352531206301048,0.935511018153335,0.9357689156765653
α=7%,0.910045055158487,0.9103454495715279,0.9106458439845688,0.9109462383976098,0.9112466328106507,0.9115470272236916,0.9118474216367326,0.9121478160497735,0.9124482104628145,0.9127486048758555,0.9130489992888964,0.9133493937019375,0.9136497881149783,0.9139501825280192,0.9142505769410603,0.9145509713541011,0.914851365767142,0.915151760180183,0.9154521545932239,0.9157525490062648,0.9160529434193059,0.9163533378323468,0.9166537322453877,0.9169541266584287,0.9172545210714697,0.9175549154845106,0.9178553098975515,0.9181557043105926,0.9184560987236335,0.9187564931366743,0.9190568875497152,0.9193572819627562,0.9196576763757971,0.9199580707888381,0.920258465201879,0.9205588596149199,0.920859254027961,0.921159648441002,0.9214600428540428,0.9217604372670838,0.9220608316801248,0.9223612260931656,0.9226616205062067,0.9229620149192477,0.9232624093322885,0.9235628037453295,0.9238631981583704,0.9241635925714113,0.9244639869844523,0.9247643813974932,0.9250647758105341
α=8%,0.8972239349504111,0.897566677418979,0.8979094198875467,0.8982521623561146,0.8985949048246825,0.8989376472932504,0.8992803897618182,0.8996231322303861,0.8999658746989541,0.900308617167522,0.9006513596360899,0.9009941021046576,0.9013368445732255,0.9016795870417934,0.9020223295103611,0.902365071978929,0.9027078144474969,0.9030505569160647,0.9033932993846326,0.9037360418532004,0.9040787843217685,0.9044215267903362,0.904764269258904,0.9051070117274719,0.9054497541960398,0.9057924966646076,0.9061352391331754,0.9064779816017433,0.9068207240703111,0.907163466538879,0.9075062090074469,0.9078489514760149,0.9081916939445824,0.9085344364131505,0.9088771788817183,0.9092199213502862,0.9095626638188541,0.9099054062874219,0.9102481487559898,0.9105908912245577,0.9109336336931255,0.9112763761616933,0.9116191186302613,0.9119618610988293,0.912304603567397,0.9126473460359649,0.9129900885045327,0.9133328309731006,0.9136755734416684,0.9140183159102362,0.914361058378804
α=9%,0.8844109344639743,0.8847958721007293,0.8851808097374844,0.885565747374239,0.8859506850109939,0.8863356226477489,0.8867205602845036,0.8871054979212587,0.8874904355580137,0.8878753731947685,0.8882603108315235,0.8886452484682783,0.8890301861050331,0.889415123741788,0.8898000613785431,0.8901849990152979,0.8905699366520528,0.8909548742888076,0.8913398119255626,0.8917247495623173,0.8921096871990724,0.8924946248358272,0.892879562472582,0.893264500109337,0.8936494377460918,0.8940343753828468,0.8944193130196018,0.8948042506563565,0.8951891882931116,0.8955741259298662,0.8959590635666212,0.8963440012033761,0.8967289388401309,0.8971138764768858,0.8974988141136407,0.8978837517503957,0.8982686893871505,0.8986536270239055,0.8990385646606605,0.8994235022974153,0.8998084399341701,0.9001933775709251,0.9005783152076801,0.9009632528444349,0.9013481904811897,0.9017331281179447,0.9021180657546994,0.9025030033914544,0.9028879410282094,0.9032728786649642,0.903657816301719
α=10%,0.8716063199030742,0.8720332956145656,0.8724602713260567,0.872887247037548,0.8733142227490394,0.8737411984605306,0.8741681741720219,0.8745951498835132,0.8750221255950045,0.8754491013064958,0.8758760770179871,0.8763030527294783,0.8767300284409696,0.8771570041524608,0.8775839798639522,0.8780109555754434,0.8784379312869346,0.8788649069984259,0.8792918827099172,0.8797188584214085,0.8801458341328998,0.880572809844391,0.8809997855558823,0.8814267612673736,0.8818537369788648,0.8822807126903562,0.8827076884018475,0.8831346641133386,0.88356163982483,0.8839886155363214,0.8844155912478125,0.8848425669593036,0.885269542670795,0.8856965183822862,0.8861234940937777,0.8865504698052689,0.8869774455167603,0.8874044212282515,0.8878313969397429,0.8882583726512341,0.8886853483627253,0.8891123240742167,0.8895392997857079,0.8899662754971992,0.8903932512086905,0.8908202269201818,0.8912472026316731,0.8916741783431643,0.8921011540546555,0.8925281297661468,0.8929551054776381
α=11%,0.8588103686275353,0.859279220953949,0.8597480732803626,0.8602169256067763,0.86068577793319,0.8611546302596037,0.8616234825860174,0.8620923349124311,0.8625611872388449,0.8630300395652586,0.8634988918916723,0.863967744218086,0.8644365965444997,0.8649054488709134,0.865374301197327,0.8658431535237406,0.8663120058501543,0.8667808581765679,0.8672497105029817,0.8677185628293953,0.868187415155809,0.8686562674822227,0.8691251198086363,0.8695939721350502,0.8700628244614639,0.8705316767878775,0.8710005291142912,0.8714693814407048,0.8719382337671187,0.8724070860935321,0.8728759384199458,0.8733447907463596,0.8738136430727733,0.874282495399187,0.8747513477256006,0.8752202000520144,0.875689052378428,0.8761579047048418,0.8766267570312554,0.8770956093576692,0.8775644616840828,0.8780333140104966,0.8785021663369101,0.8789710186633239,0.8794398709897375,0.8799087233161513,0.8803775756425649,0.8808464279689787,0.8813152802953923,0.8817841326218059,0.8822529849482197
α=12%,0.8460233697073285,0.8465339326546444,0.84704449560196,0.8475550585492758,0.8480656214965916,0.8485761844439074,0.8490867473912231,0.8495973103385388,0.8501078732858547,0.8506184362331705,0.8511289991804862,0.851639562127802,0.8521501250751178,0.8526606880224334,0.8531712509697491,0.8536818139170649,0.8541923768643807,0.8547029398116965,0.8552135027590121,0.8557240657063279,0.8562346286536436,0.8567451916009594,0.8572557545482752,0.857766317495591,0.8582768804429067,0.8587874433902224,0.8592980063375383,0.8598085692848539,0.8603191322321697,0.8608296951794854,0.861340258126801,0.8618508210741169,0.8623613840214327,0.8628719469687485,0.8633825099160642,0.86389307286338,0.8644036358106957,0.8649141987580116,0.8654247617053272,0.8659353246526431,0.8664458875999588,0.8669564505472747,0.8674670134945903,0.8679775764419061,0.8684881393892219,0.8689987023365375,0.8695092652838534,0.8700198282311691,0.8705303911784847,0.8710409541258006,0.8715515170731163
α=13%,0.8332456245075129,0.8337977273716547,0.8343498302357965,0.8349019330999381,0.83545403596408,0.8360061388282217,0.8365582416923634,0.8371103445565052,0.8376624474206471,0.8382145502847888,0.8387666531489306,0.8393187560130724,0.8398708588772141,0.8404229617413559,0.8409750646054976,0.8415271674696394,0.842079270333781,0.8426313731979229,0.8431834760620647,0.8437355789262064,0.8442876817903483,0.84483978465449,0.8453918875186317,0.8459439903827736,0.8464960932469151,0.847048196111057,0.8476002989751988,0.8481524018393405,0.8487045047034824,0.849256607567624,0.8498087104317658,0.8503608132959075,0.8509129161600493,0.851465019024191,0.8520171218883328,0.8525692247524745,0.8531213276166163,0.853673430480758,0.8542255333448999,0.8547776362090418,0.8553297390731835,0.8558818419373252,0.856433944801467,0.8569860476656088,0.8575381505297506,0.8580902533938923,0.8586423562580341,0.8591944591221758,0.8597465619863176,0.8602986648504592,0.8608507677146011
α=14%,0.8204774473056763,0.8210709144882159,0.8216643816707557,0.8222578488532953,0.8228513160358351,0.8234447832183747,0.8240382504009143,0.8246317175834541,0.8252251847659937,0.8258186519485334,0.8264121191310732,0.8270055863136128,0.8275990534961524,0.8281925206786921,0.8287859878612318,0.8293794550437714,0.8299729222263111,0.8305663894088509,0.8311598565913905,0.8317533237739303,0.8323467909564699,0.8329402581390095,0.8335337253215492,0.8341271925040887,0.8347206596866285,0.8353141268691682,0.8359075940517079,0.8365010612342476,0.8370945284167872,0.8376879955993268,0.8382814627818665,0.8388749299644063,0.8394683971469459,0.8400618643294855,0.8406553315120252,0.8412487986945648,0.8418422658771045,0.8424357330596441,0.8430292002421839,0.8436226674247236,0.8442161346072632,0.844809601789803,0.8454030689723426,0.8459965361548824,0.8465900033374221,0.8471834705199617,0.8477769377025013,0.848370404885041,0.8489638720675807,0.8495573392501203,0.85015080643266
α=15%,0.8077191659437444,0.8083538167586916,0.808988467573639,0.8096231183885862,0.8102577692035335,0.8108924200184808,0.811527070833428,0.8121617216483753,0.8127963724633227,0.81343102327827,0.8140656740932173,0.8147003249081645,0.8153349757231118,0.815969626538059,0.8166042773530064,0.8172389281679536,0.8178735789829009,0.8185082297978481,0.8191428806127954,0.8197775314277428,0.8204121822426901,0.8210468330576373,0.8216814838725846,0.8223161346875318,0.8229507855024791,0.8235854363174262,0.8242200871323737,0.824854737947321,0.8254893887622683,0.8261240395772154,0.8267586903921627,0.82739334120711,0.8280279920220572,0.8286626428370045,0.8292972936519518,0.8299319444668991,0.8305665952818464,0.8312012460967937,0.831835896911741,0.8324705477266883,0.8331051985416356,0.8337398493565829,0.8343745001715301,0.8350091509864774,0.8356438018014246,0.8362784526163719,0.8369131034313191,0.8375477542462666,0.8381824050612137,0.838817055876161,0.8394517066911082
α=16%,0.7949711225161198,0.7956467709873034,0.7963224194584873,0.7969980679296709,0.7976737164008546,0.7983493648720384,0.7990250133432222,0.7997006618144059,0.8003763102855899,0.8010519587567736,0.8017276072279573,0.8024032556991411,0.8030789041703249,0.8037545526415086,0.8044302011126925,0.8051058495838761,0.8057814980550599,0.8064571465262437,0.8071327949974274,0.8078084434686112,0.808484091939795,0.8091597404109787,0.8098353888821624,0.8105110373533462,0.8111866858245299,0.8118623342957138,0.8125379827668975,0.8132136312380813,0.8138892797092651,0.8145649281804488,0.8152405766516325,0.8159162251228163,0.8165918735940001,0.8172675220651837,0.8179431705363676,0.8186188190075514,0.8192944674787351,0.8199701159499189,0.8206457644211027,0.8213214128922864,0.8219970613634702,0.822672709834654,0.8233483583058379,0.8240240067770216,0.8246996552482053,0.825375303719389,0.8260509521905728,0.8267266006617566,0.8274022491329402,0.8280778976041241,0.8287535460753079
α=17%,0.7822336740962177,0.7829501287447349,0.783666583393252,0.7843830380417693,0.7850994926902867,0.7858159473388039,0.7865324019873212,0.7872488566358384,0.7879653112843559,0.788681765932873,0.7893982205813903,0.7901146752299075,0.7908311298784247,0.7915475845269421,0.7922640391754594,0.7929804938239766,0.7936969484724938,0.794413403121011,0.7951298577695285,0.7958463124180457,0.7965627670665629,0.7972792217150801,0.7979956763635976,0.7987121310121147,0.799428585660632,0.8001450403091493,0.8008614949576666,0.8015779496061839,0.8022944042547011,0.8030108589032183,0.8037273135517357,0.8044437682002528,0.8051602228487701,0.8058766774972874,0.8065931321458045,0.8073095867943219,0.8080260414428392,0.8087424960913565,0.8094589507398737,0.8101754053883911,0.8108918600369083,0.8116083146854256,0.8123247693339428,0.81304122398246,0.8137576786309774,0.8144741332794947,0.8151905879280119,0.8159070425765291,0.8166234972250463,0.8173399518735636,0.818056406522081
α=18%,0.7695071935035622,0.7702642571247396,0.7710213207459168,0.7717783843670942,0.7725354479882713,0.7732925116094488,0.774049575230626,0.7748066388518033,0.7755637024729807,0.776320766094158,0.7770778297153353,0.7778348933365127,0.7785919569576899,0.7793490205788672,0.7801060842000445,0.7808631478212218,0.7816202114423991,0.7823772750635765,0.7831343386847538,0.7838914023059311,0.7846484659271084,0.7854055295482857,0.786162593169463,0.7869196567906404,0.7876767204118176,0.7884337840329949,0.7891908476541722,0.7899479112753496,0.7907049748965269,0.7914620385177041,0.7922191021388814,0.7929761657600587,0.793733229381236,0.7944902930024134,0.7952473566235906,0.7960044202447679,0.7967614838659454,0.7975185474871225,0.7982756111082999,0.7990326747294773,0.7997897383506545,0.8005468019718318,0.8013038655930091,0.8020609292141865,0.8028179928353638,0.8035750564565411,0.8043321200777184,0.8050891836988957,0.8058462473200729,0.8066033109412503,0.8073603745624276
α=19%,0.7567920701137034,0.7575895395429828,0.7583870089722622,0.7591844784015416,0.759981947830821,0.7607794172601003,0.7615768866893796,0.7623743561186591,0.7631718255479387,0.7639692949772179,0.7647667644064975,0.7655642338357769,0.7663617032650563,0.7671591726943355,0.767956642123615,0.7687541115528944,0.7695515809821738,0.7703490504114532,0.7711465198407326,0.7719439892700121,0.7727414586992913,0.7735389281285707,0.7743363975578502,0.7751338669871296,0.7759313364164089,0.7767288058456883,0.7775262752749679,0.7783237447042473,0.7791212141335266,0.779918683562806,0.7807161529920854,0.7815136224213648,0.7823110918506442,0.7831085612799236,0.783906030709203,0.7847035001384823,0.7855009695677617,0.7862984389970411,0.7870959084263207,0.7878933778556001,0.7886908472848794,0.7894883167141589,0.7902857861434383,0.7910832555727176,0.791880725001997,0.7926781944312764,0.7934756638605558,0.7942731332898353,0.7950706027191146,0.7958680721483941,0.7966655415776734
α=20%,0.7440887107133229,0.74492637658045,0.7457640424475769,0.746601708314704,0.747439374181831,0.7482770400489579,0.749114705916085,0.7499523717832121,0.7507900376503391,0.7516277035174661,0.7524653693845932,0.7533030352517202,0.7541407011188471,0.7549783669859742,0.7558160328531012,0.7566536987202283,0.7574913645873551,0.7583290304544821,0.7591666963216092,0.7600043621887362,0.7608420280558632,0.7616796939229902,0.7625173597901171,0.7633550256572442,0.7641926915243713,0.765030357391498,0.7658680232586254,0.7667056891257523,0.7675433549928793,0.7683810208600064,0.7692186867271333,0.7700563525942603,0.7708940184613873,0.7717316843285144,0.7725693501956412,0.7734070160627684,0.7742446819298954,0.7750823477970223,0.7759200136641493,0.7767576795312765,0.7775953453984035,0.7784330112655304,0.7792706771326574,0.7801083429997846,0.7809460088669116,0.7817836747340385,0.7826213406011655,0.7834590064682925,0.7842966723354194,0.7851343382025465,0.7859720040696735
α=21%,0.7313975404029903,0.732275186873845,0.7331528333446994,0.7340304798155539,0.7349081262864084,0.735785772757263,0.7366634192281173,0.7375410656989719,0.7384187121698265,0.739296358640681,0.7401740051115355,0.7410516515823898,0.7419292980532445,0.7428069445240989,0.7436845909949534,0.744562237465808,0.7454398839366625,0.7463175304075169,0.7471951768783713,0.7480728233492259,0.7489504698200804,0.7498281162909349,0.7507057627617895,0.7515834092326439,0.7524610557034983,0.753338702174353,0.7542163486452075,0.7550939951160619,0.7559716415869164,0.7568492880577709,0.7577269345286254,0.7586045809994798,0.7594822274703343,0.7603598739411888,0.7612375204120434,0.7621151668828978,0.7629928133537522,0.7638704598246069,0.7647481062954613,0.765625752766316,0.7665033992371704,0.7673810457080249,0.7682586921788794,0.7691363386497339,0.7700139851205884,0.7708916315914429,0.7717692780622973,0.7726469245331519,0.7735245710040064,0.7744022174748608,0.7752798639457152
α=22%,0.7187190035501275,0.7196364080555,0.7205538125608725,0.7214712170662447,0.7223886215716173,0.7233060260769897,0.724223430582362,0.7251408350877345,0.7260582395931069,0.7269756440984795,0.7278930486038517,0.7288104531092241,0.7297278576145967,0.7306452621199689,0.7315626666253414,0.7324800711307137,0.7333974756360861,0.7343148801414586,0.735232284646831,0.7361496891522035,0.7370670936575758,0.7379844981629482,0.7389019026683207,0.739819307173693,0.7407367116790655,0.7416541161844379,0.7425715206898105,0.7434889251951827,0.7444063297005552,0.7453237342059276,0.7462411387113,0.7471585432166723,0.7480759477220448,0.7489933522274173,0.7499107567327896,0.750828161238162,0.7517455657435346,0.7526629702489069,0.7535803747542793,0.7544977792596517,0.755415183765024,0.7563325882703966,0.757249992775769,0.7581673972811414,0.7590848017865137,0.7600022062918862,0.7609196107972587,0.761837015302631,0.7627544198080034,0.7636718243133758,0.7645892288187481
α=23%,0.7060535647948314,0.7070104977454064,0.7079674306959811,0.7089243636465559,0.7098812965971305,0.7108382295477054,0.7117951624982801,0.7127520954488551,0.7137090283994297,0.7146659613500044,0.7156228943005792,0.7165798272511541,0.7175367602017289,0.7184936931523036,0.7194506261028784,0.7204075590534531,0.7213644920040279,0.7223214249546026,0.7232783579051775,0.7242352908557523,0.7251922238063271,0.7261491567569018,0.7271060897074766,0.7280630226580513,0.7290199556086261,0.7299768885592008,0.7309338215097757,0.7318907544603506,0.7328476874109253,0.7338046203615,0.7347615533120748,0.7357184862626496,0.7366754192132243,0.7376323521637991,0.7385892851143738,0.7395462180649486,0.7405031510155234,0.7414600839660983,0.7424170169166731,0.7433739498672478,0.7443308828178226,0.7452878157683973,0.7462447487189722,0.747201681669547,0.7481586146201217,0.7491155475706965,0.7500724805212713,0.751029413471846,0.7519863464224208,0.7529432793729955,0.7539002123235703
α=24%,0.6934017101112869,0.6943979345980527,0.6953941590848186,0.6963903835715843,0.6973866080583502,0.6983828325451159,0.6993790570318817,0.7003752815186476,0.7013715060054135,0.7023677304921794,0.7033639549789452,0.704360179465711,0.7053564039524768,0.7063526284392426,0.7073488529260084,0.7083450774127743,0.7093413018995401,0.7103375263863059,0.7113337508730717,0.7123299753598376,0.7133261998466034,0.714322424333369,0.7153186488201351,0.7163148733069007,0.7173110977936668,0.7183073222804324,0.7193035467671984,0.720299771253964,0.72129599574073,0.7222922202274957,0.7232884447142616,0.7242846692010273,0.7252808936877932,0.7262771181745591,0.7272733426613248,0.7282695671480908,0.7292657916348565,0.7302620161216223,0.7312582406083883,0.7322544650951541,0.7332506895819199,0.7342469140686857,0.7352431385554515,0.7362393630422173,0.7372355875289831,0.738231812015749,0.7392280365025148,0.7402242609892806,0.7412204854760465,0.7422167099628123,0.7432129344495781
α=25%,0.6807639479275782,0.6817992194068399,0.6828344908861016,0.6838697623653632,0.6849050338446249,0.6859403053238866,0.6869755768031482,0.68801084828241,0.6890461197616717,0.6900813912409334,0.6911166627201951,0.6921519341994568,0.6931872056787185,0.69422247715798,0.6952577486372418,0.6962930201165034,0.6973282915957651,0.6983635630750267,0.6993988345542884,0.7004341060335502,0.7014693775128118,0.7025046489920734,0.7035399204713351,0.7045751919505968,0.7056104634298586,0.7066457349091202,0.7076810063883818,0.7087162778676435,0.7097515493469052,0.7107868208261667,0.7118220923054285,0.7128573637846902,0.7138926352639519,0.7149279067432135,0.7159631782224752,0.716998449701737,0.7180337211809986,0.7190689926602603,0.720104264139522,0.7211395356187836,0.7221748070980454,0.723210078577307,0.7242453500565686,0.7252806215358304,0.726315893015092,0.7273511644943538,0.7283864359736154,0.729421707452877,0.7304569789321388,0.7314922504114004,0.7325275218906621
α=26%,0.6681408103067663,0.6692148762688866,0.6702889422310071,0.6713630081931274,0.6724370741552479,0.6735111401173681,0.6745852060794885,0.675659272041609,0.6767333380037294,0.6778074039658499,0.6788814699279702,0.6799555358900906,0.6810296018522108,0.6821036678143313,0.6831777337764517,0.6842517997385721,0.6853258657006924,0.6863999316628128,0.6874739976249333,0.6885480635870537,0.689622129549174,0.6906961955112942,0.6917702614734147,0.692844327435535,0.6939183933976555,0.6949924593597759,0.6960665253218963,0.6971405912840167,0.6982146572461371,0.6992887232082574,0.7003627891703778,0.7014368551324982,0.7025109210946185,0.703584987056739,0.7046590530188593,0.7057331189809797,0.7068071849431001,0.7078812509052206,0.708955316867341,0.7100293828294613,0.7111034487915817,0.7121775147537022,0.7132515807158225,0.7143256466779428,0.7153997126400633,0.7164737786021836,0.717547844564304,0.7186219105264244,0.7196959764885448,0.7207700424506651,0.7218441084127856
α=27%,0.6555328541921428,0.6566454538130947,0.6577580534340463,0.658870653054998,0.6599832526759496,0.6610958522969015,0.6622084519178533,0.6633210515388049,0.6644336511597568,0.6655462507807086,0.6666588504016602,0.667771450022612,0.6688840496435636,0.6699966492645154,0.6711092488854672,0.6722218485064189,0.6733344481273706,0.6744470477483222,0.6755596473692741,0.6766722469902258,0.6777848466111775,0.6788974462321292,0.6800100458530811,0.6811226454740327,0.6822352450949845,0.6833478447159362,0.684460444336888,0.6855730439578397,0.6866856435787915,0.6877982431997431,0.6889108428206948,0.6900234424416465,0.6911360420625983,0.69224864168355,0.6933612413045018,0.6944738409254535,0.6955864405464053,0.696699040167357,0.6978116397883087,0.6989242394092605,0.7000368390302123,0.7011494386511639,0.7022620382721156,0.7033746378930674,0.7044872375140192,0.705599837134971,0.7067124367559227,0.7078250363768743,0.7089376359978261,0.7100502356187778,0.7111628352397295
α=28%,0.6429406627196015,0.6440915264943579,0.6452423902691141,0.6463932540438704,0.6475441178186265,0.648694981593383,0.6498458453681392,0.6509967091428954,0.6521475729176519,0.6532984366924082,0.6544493004671643,0.6556001642419207,0.6567510280166768,0.6579018917914332,0.6590527555661895,0.6602036193409457,0.661354483115702,0.6625053468904584,0.6636562106652146,0.6648070744399709,0.6659579382147273,0.6671088019894835,0.6682596657642398,0.669410529538996,0.6705613933137523,0.6717122570885086,0.6728631208632649,0.6740139846380213,0.6751648484127775,0.6763157121875336,0.67746657596229,0.6786174397370464,0.6797683035118025,0.6809191672865589,0.6820700310613151,0.6832208948360714,0.6843717586108277,0.685522622385584,0.6866734861603403,0.6878243499350967,0.6889752137098528,0.6901260774846092,0.6912769412593656,0.6924278050341218,0.6935786688088781,0.6947295325836345,0.6958803963583906,0.697031260133147,0.6981821239079031,0.6993329876826595,0.7004838514574157
α=29%,0.6303648466000563,0.6315536959567974,0.6327425453135386,0.6339313946702796,0.6351202440270207,0.6363090933837618,0.6374979427405031,0.6386867920972441,0.6398756414539852,0.6410644908107265,0.6422533401674675,0.6434421895242087,0.6446310388809497,0.645819888237691,0.647008737594432,0.6481975869511731,0.6493864363079144,0.6505752856646554,0.6517641350213966,0.6529529843781376,0.6541418337348789,0.6553306830916199,0.6565195324483611,0.6577083818051022,0.6588972311618433,0.6600860805185844,0.6612749298753255,0.6624637792320667,0.6636526285888078,0.6648414779455489,0.6660303273022901,0.6672191766590312,0.6684080260157723,0.6695968753725133,0.6707857247292545,0.6719745740859957,0.6731634234427368,0.674352272799478,0.6755411221562191,0.6767299715129602,0.6779188208697013,0.6791076702264425,0.6802965195831836,0.6814853689399247,0.6826742182966659,0.683863067653407,0.6850519170101481,0.6862407663668892,0.6874296157236304,0.6886184650803715,0.6898073144371126
α=30%,0.617806045574808,0.6190325924688662,0.6202591393629245,0.6214856862569828,0.622712233151041,0.6239387800450992,0.6251653269391574,0.6263918738332156,0.6276184207272739,0.628844967621332,0.6300715145153902,0.6312980614094484,0.6325246083035068,0.633751155197565,0.6349777020916232,0.6362042489856814,0.6374307958797396,0.6386573427737978,0.639883889667856,0.6411104365619142,0.6423369834559725,0.6435635303500307,0.6447900772440889,0.6460166241381471,0.6472431710322054,0.6484697179262636,0.6496962648203218,0.65092281171438,0.6521493586084383,0.6533759055024965,0.6546024523965547,0.6558289992906129,0.6570555461846711,0.6582820930787293,0.6595086399727875,0.6607351868668458,0.6619617337609041,0.6631882806549623,0.6644148275490205,0.6656413744430787,0.6668679213371369,0.6680944682311951,0.6693210151252534,0.6705475620193116,0.6717741089133697,0.6730006558074281,0.6742272027014864,0.6754537495955445,0.6766802964896028,0.6779068433836609,0.6791333902777191
α=31%,0.6052649299466838,0.6065288764330933,0.6077928229195027,0.609056769405912,0.6103207158923214,0.6115846623787308,0.6128486088651403,0.6141125553515496,0.6153765018379591,0.6166404483243685,0.6179043948107779,0.6191683412971873,0.6204322877835967,0.6216962342700061,0.6229601807564156,0.6242241272428249,0.6254880737292343,0.6267520202156437,0.6280159667020532,0.6292799131884625,0.630543859674872,0.6318078061612813,0.6330717526476908,0.6343356991341002,0.6355996456205095,0.6368635921069189,0.6381275385933284,0.6393914850797378,0.6406554315661472,0.6419193780525566,0.643183324538966,0.6444472710253755,0.6457112175117848,0.6469751639981942,0.6482391104846037,0.649503056971013,0.6507670034574224,0.6520309499438319,0.6532948964302413,0.6545588429166507,0.65582278940306,0.6570867358894695,0.6583506823758789,0.6596146288622884,0.6608785753486978,0.6621425218351071,0.6634064683215166,0.664670414807926,0.6659343612943354,0.6671983077807448,0.6684622542671541
α=32%,0.5927422021896523,0.5940432399731131,0.5953442777565742,0.5966453155400351,0.5979463533234959,0.5992473911069569,0.6005484288904178,0.6018494666738787,0.6031505044573396,0.6044515422408007,0.6057525800242615,0.6070536178077225,0.6083546555911834,0.6096556933746442,0.6109567311581052,0.6122577689415661,0.613558806725027,0.614859844508488,0.616160882291949,0.6174619200754098,0.6187629578588707,0.6200639956423317,0.6213650334257925,0.6226660712092534,0.6239671089927143,0.6252681467761754,0.6265691845596363,0.6278702223430972,0.6291712601265581,0.630472297910019,0.6317733356934799,0.6330743734769408,0.6343754112604018,0.6356764490438627,0.6369774868273237,0.6382785246107845,0.6395795623942455,0.6408806001777063,0.6421816379611673,0.6434826757446283,0.6447837135280892,0.6460847513115501,0.647385789095011,0.648686826878472,0.6499878646619329,0.6512889024453938,0.6525899402288547,0.6538909780123157,0.6551920157957765,0.6564930535792375,0.6577940913626984
α=33%,0.5802385986394387,0.5815764086004478,0.5829142185614569,0.584252028522466,0.5855898384834751,0.5869276484444844,0.5882654584054935,0.5896032683665026,0.5909410783275119,0.592278888288521,0.59361669824953,0.5949545082105393,0.5962923181715485,0.5976301281325576,0.5989679380935666,0.6003057480545758,0.6016435580155849,0.6029813679765941,0.6043191779376031,0.6056569878986124,0.6069947978596215,0.6083326078206306,0.6096704177816399,0.611008227742649,0.612346037703658,0.6136838476646672,0.6150216576256764,0.6163594675866856,0.6176972775476948,0.6190350875087038,0.6203728974697129,0.621710707430722,0.6230485173917313,0.6243863273527404,0.6257241373137495,0.6270619472747586,0.6283997572357678,0.629737567196777,0.6310753771577862,0.6324131871187952,0.6337509970798045,0.6350888070408135,0.6364266170018227,0.637764426962832,0.639102236923841,0.6404400468848501,0.6417778568458593,0.6431156668068685,0.6444534767678776,0.6457912867288866,0.6471290966898959
α=34%,0.5677548912674143,0.5691291429632529,0.5705033946590914,0.57187764635493,0.5732518980507686,0.5746261497466072,0.5760004014424456,0.5773746531382842,0.5787489048341229,0.5801231565299614,0.5814974082258,0.5828716599216386,0.5842459116174771,0.5856201633133157,0.5869944150091543,0.5883686667049928,0.5897429184008314,0.5911171700966699,0.5924914217925085,0.5938656734883471,0.5952399251841856,0.5966141768800242,0.5979884285758628,0.5993626802717013,0.6007369319675399,0.6021111836633783,0.603485435359217,0.6048596870550556,0.6062339387508942,0.6076081904467326,0.6089824421425711,0.6103566938384097,0.6117309455342483,0.6131051972300869,0.6144794489259255,0.6158537006217639,0.6172279523176025,0.6186022040134411,0.6199764557092797,0.6213507074051183,0.6227249591009569,0.6240992107967954,0.6254734624926339,0.6268477141884726,0.6282219658843111,0.6295962175801497,0.6309704692759882,0.6323447209718268,0.6337189726676653,0.6350932243635039,0.6364674760593425
α=35%,0.5552918895397102,0.5567022406789229,0.5581125918181356,0.5595229429573483,0.5609332940965609,0.5623436452357735,0.5637539963749861,0.5651643475141988,0.5665746986534115,0.5679850497926242,0.5693954009318367,0.5708057520710493,0.572216103210262,0.5736264543494747,0.5750368054886874,0.5764471566278999,0.5778575077671126,0.5792678589063253,0.5806782100455379,0.5820885611847505,0.5834989123239631,0.5849092634631757,0.5863196146023884,0.5877299657416011,0.5891403168808137,0.5905506680200263,0.591961019159239,0.5933713702984517,0.5947817214376643,0.5961920725768769,0.5976024237160895,0.5990127748553021,0.6004231259945148,0.6018334771337274,0.6032438282729401,0.6046541794121527,0.6060645305513654,0.6074748816905781,0.6088852328297907,0.6102955839690034,0.6117059351082159,0.6131162862474286,0.6145266373866413,0.6159369885258539,0.6173473396650666,0.6187576908042791,0.6201680419434918,0.6215783930827045,0.6229887442219171,0.6243990953611298,0.6258094465003423
α=36%,0.5428504423630726,0.5442965382520112,0.5457426341409498,0.5471887300298884,0.5486348259188271,0.5500809218077658,0.5515270176967044,0.552973113585643,0.5544192094745818,0.5558653053635204,0.557311401252459,0.5587574971413978,0.5602035930303364,0.561649688919275,0.5630957848082137,0.5645418806971523,0.565987976586091,0.5674340724750295,0.5688801683639683,0.5703262642529069,0.5717723601418456,0.5732184560307843,0.5746645519197229,0.5761106478086615,0.5775567436976001,0.5790028395865388,0.5804489354754775,0.5818950313644161,0.5833411272533549,0.5847872231422935,0.5862333190312321,0.5876794149201707,0.5891255108091095,0.5905716066980481,0.5920177025869867,0.5934637984759255,0.5949098943648641,0.5963559902538027,0.5978020861427413,0.5992481820316801,0.6006942779206186,0.6021403738095573,0.6035864696984959,0.6050325655874347,0.6064786614763733,0.6079247573653119,0.6093708532542506,0.6108169491431893,0.6122630450321278,0.6137091409210667,0.6151552368100053
α=37%,0.5304314401184452,0.5319129130783935,0.533394386038342,0.5348758589982904,0.5363573319582386,0.537838804918187,0.5393202778781354,0.5408017508380838,0.5422832237980323,0.5437646967579806,0.545246169717929,0.5467276426778774,0.5482091156378257,0.5496905885977741,0.5511720615577225,0.5526535345176709,0.5541350074776192,0.5556164804375676,0.557097953397516,0.5585794263574644,0.5600608993174128,0.5615423722773611,0.5630238452373095,0.5645053181972579,0.5659867911572063,0.5674682641171546,0.5689497370771031,0.5704312100370514,0.5719126829969998,0.5733941559569481,0.5748756289168965,0.5763571018768449,0.5778385748367932,0.5793200477967416,0.58080152075669,0.5822829937166384,0.5837644666765868,0.5852459396365352,0.5867274125964835,0.588208885556432,0.5896903585163803,0.5911718314763287,0.592653304436277,0.5941347773962254,0.5956162503561738,0.5970977233161223,0.5985791962760706,0.600060669236019,0.6015421421959672,0.6030236151559156,0.604505088115864
α=38%,0.5180358167825949,0.5195522855359332,0.5210687542892717,0.52258522304261,0.5241016917959485,0.5256181605492868,0.5271346293026252,0.5286510980559637,0.5301675668093022,0.5316840355626407,0.533200504315979,0.5347169730693174,0.5362334418226558,0.5377499105759942,0.5392663793293326,0.540782848082671,0.5422993168360094,0.5438157855893478,0.5453322543426863,0.5468487230960247,0.5483651918493632,0.5498816606027016,0.5513981293560399,0.5529145981093784,0.5544310668627168,0.5559475356160551,0.5574640043693936,0.558980473122732,0.5604969418760704,0.5620134106294088,0.5635298793827472,0.5650463481360856,0.5665628168894241,0.5680792856427624,0.5695957543961009,0.5711122231494393,0.5726286919027778,0.5741451606561162,0.5756616294094545,0.577178098162793,0.5786945669161314,0.5802110356694699,0.5817275044228083,0.5832439731761467,0.5847604419294851,0.5862769106828235,0.5877933794361618,0.5893098481895003,0.5908263169428387,0.5923427856961772,0.5938592544495156
α=39%,0.5056645521372638,0.5072156211610803,0.5087666901848968,0.5103177592087134,0.5118688282325299,0.5134198972563464,0.5149709662801628,0.5165220353039794,0.518073104327796,0.5196241733516124,0.5211752423754289,0.5227263113992455,0.524277380423062,0.5258284494468785,0.527379518470695,0.5289305874945115,0.530481656518328,0.5320327255421444,0.5335837945659611,0.5351348635897776,0.5366859326135941,0.5382370016374106,0.5397880706612271,0.5413391396850435,0.5428902087088601,0.5444412777326766,0.5459923467564931,0.5475434157803096,0.5490944848041261,0.5506455538279427,0.5521966228517592,0.5537476918755757,0.5552987608993922,0.5568498299232088,0.5584008989470253,0.5599519679708418,0.5615030369946583,0.5630541060184748,0.5646051750422914,0.5661562440661079,0.5677073130899244,0.5692583821137409,0.5708094511375574,0.572360520161374,0.5739115891851905,0.575462658209007,0.5770137272328235,0.57856479625664,0.5801158652804564,0.581666934304273,0.5832180033280895
α=40%,0.4933186740643434,0.49490393290984735,0.4964891917553514,0.4980744506008554,0.4996597094463594,0.5012449682918634,0.5028302271373675,0.5044154859828716,0.5060007448283756,0.5075860036738795,0.5091712625193836,0.5107565213648877,0.5123417802103917,0.5139270390558957,0.5155122979013997,0.5170975567469037,0.5186828155924077,0.5202680744379118,0.5218533332834159,0.5234385921289199,0.5250238509744238,0.5266091098199279,0.5281943686654319,0.5297796275109359,0.53136488635644,0.532950145201944,0.534535404047448,0.536120662892952,0.5377059217384561,0.5392911805839601,0.5408764394294641,0.5424616982749682,0.5440469571204721,0.5456322159659761,0.5472174748114802,0.5488027336569842,0.5503879925024883,0.5519732513479922,0.5535585101934962,0.5551437690390003,0.5567290278845043,0.5583142867300084,0.5598995455755125,0.5614848044210166,0.5630700632665204,0.5646553221120245,0.5662405809575285,0.5678258398030326,0.5694110986485366,0.5709963574940407,0.5725816163395446
α=41%,0.48099926092435197,0.48261828350040176,0.48423730607645155,0.48585632865250145,0.48747535122855123,0.489094373804601,0.4907133963806508,0.4923324189567007,0.49395144153275056,0.49557046410880035,0.49718948668485013,0.4988085092608999,0.5004275318369498,0.5020465544129996,0.5036655769890493,0.5052845995650992,0.506903622141149,0.5085226447171989,0.5101416672932487,0.5117606898692986,0.5133797124453484,0.5149987350213981,0.516617757597448,0.5182367801734978,0.5198558027495476,0.5214748253255974,0.5230938479016473,0.5247128704776971,0.526331893053747,0.5279509156297967,0.5295699382058465,0.5311889607818964,0.5328079833579462,0.5344270059339961,0.5360460285100459,0.5376650510860956,0.5392840736621455,0.5409030962381953,0.5425221188142452,0.544141141390295,0.5457601639663447,0.5473791865423947,0.5489982091184444,0.5506172316944943,0.5522362542705441,0.5538552768465939,0.5554742994226438,0.5570933219986935,0.5587123445747433,0.5603313671507931,0.561950389726843
α=42%,0.4687074440140626,0.47035978783307997,0.47201213165209727,0.47366447547111473,0.4753168192901321,0.4769691631091494,0.4786215069281668,0.4802738507471841,0.48192619456620156,0.48357853838521897,0.4852308822042364,0.4868832260232537,0.48853556984227103,0.4901879136612884,0.49184025748030574,0.49349260129932315,0.4951449451183405,0.49679728893735786,0.4984496327563752,0.5001019765753927,0.5017543203944099,0.5034066642134274,0.5050590080324446,0.5067113518514621,0.5083636956704795,0.5100160394894968,0.5116683833085142,0.5133207271275316,0.514973070946549,0.5166254147655662,0.5182777585845836,0.5199301024036009,0.5215824462226184,0.5232347900416358,0.5248871338606531,0.5265394776796705,0.5281918214986878,0.5298441653177052,0.5314965091367226,0.53314885295574,0.5348011967747573,0.5364535405937747,0.5381058844127922,0.5397582282318094,0.5414105720508269,0.5430629158698442,0.5447152596888616,0.5463676035078789,0.5480199473268963,0.5496722911459136,0.551324634964931
α=43%,0.4564444100974196,0.45812961548193454,0.4598148208664495,0.4615000262509644,0.46318523163547937,0.4648704370199943,0.46655564240450925,0.4682408477890242,0.46992605317353925,0.4716112585580541,0.4732964639425691,0.4749816693270841,0.476666874711599,0.47835208009611396,0.4800372854806289,0.48172249086514385,0.4834076962496588,0.48509290163417373,0.4867781070186887,0.48846331240320373,0.4901485177877186,0.4918337231722335,0.49351892855674845,0.4952041339412634,0.49688933932577833,0.4985745447102933,0.5002597500948083,0.5019449554793232,0.5036301608638382,0.505315366248353,0.507000571632868,0.508685777017383,0.5103709824018979,0.5120561877864128,0.5137413931709278,0.5154265985554428,0.5171118039399578,0.5187970093244727,0.5204822147089876,0.5221674200935026,0.5238526254780176,0.5255378308625325,0.5272230362470475,0.5289082416315625,0.5305934470160774,0.5322786524005924,0.5339638577851072,0.5356490631696222,0.5373342685541371,0.539019473938652,0.540704679323167
α=44%,0.444211404001883,0.445928993249932,0.4476465824979809,0.4493641717460299,0.4510817609940788,0.4527993502421278,0.45451693949017674,0.4562345287382257,0.4579521179862747,0.45966970723432365,0.46138729648237253,0.4631048857304215,0.4648224749784704,0.4665400642265194,0.4682576534745684,0.46997524272261726,0.47169283197066625,0.4734104212187152,0.4751280104667641,0.4768455997148131,0.4785631889628621,0.480280778210911,0.48199836745895996,0.4837159567070089,0.48543354595505783,0.4871511352031068,0.4888687244511558,0.4905863136992047,0.4923039029472537,0.4940214921953026,0.49573908144335155,0.4974566706914005,0.4991742599394494,0.5008918491874984,0.5026094384355474,0.5043270276835963,0.5060446169316453,0.5077622061796943,0.5094797954277432,0.5111973846757921,0.5129149739238411,0.51463256317189,0.516350152419939,0.518067741667988,0.519785330916037,0.521502920164086,0.5232205094121348,0.5249380986601838,0.5266556879082327,0.5283732771562816,0.5300908664043306
α=45%,0.4320097312699864,0.43375920777757876,0.4355086842851711,0.4372581607927634,0.43900763730035575,0.44075711380794813,0.4425065903155405,0.4442560668231328,0.4460055433307253,0.4477550198383176,0.4495044963459099,0.45125397285350227,0.4530034493610946,0.454752925868687,0.4565024023762793,0.4582518788838717,0.46000135539146403,0.46175083189905636,0.4635003084066487,0.4652497849142411,0.46699926142183346,0.46874873792942573,0.4704982144370181,0.4722476909446104,0.4739971674522029,0.47574664395979516,0.47749612046738754,0.4792455969749799,0.4809950734825722,0.48274454999016453,0.48449402649775697,0.48624350300534924,0.4879929795129416,0.489742456020534,0.4914919325281264,0.49324140903571867,0.49499088554331105,0.49674036205090344,0.4984898385584958,0.5002393150660882,0.5019887915736805,0.5037382680812729,0.5054877445888653,0.5072372210964575,0.5089866976040499,0.5107361741116423,0.5124856506192346,0.514235127126827,0.5159846036344193,0.5177340801420116,0.519483556649604
α=46%,0.41984076085317673,0.4216216081920516,0.4234024555309263,0.42518330286980116,0.42696415020867595,0.42874499754755074,0.43052584488642553,0.4323066922253004,0.4340875395641751,0.43586838690304996,0.43764923424192476,0.43943008158079955,0.44121092891967434,0.4429917762585492,0.444772623597424,0.44655347093629877,0.44833431827517356,0.4501151656140484,0.45189601295292314,0.453676860291798,0.4554577076306728,0.4572385549695476,0.45901940230842236,0.46080024964729716,0.46258109698617195,0.4643619443250468,0.4661427916639216,0.46792363900279643,0.46970448634167117,0.471485333680546,0.47326618101942075,0.4750470283582956,0.4768278756971704,0.4786087230360452,0.48038957037492,0.4821704177137948,0.4839512650526696,0.4857321123915444,0.48751295973041925,0.48929380706929404,0.4910746544081689,0.4928555017470436,0.4946363490859184,0.4964171964247932,0.49819804376366805,0.4999788911025429,0.5017597384414176,0.5035405857802924,0.5053214331191672,0.5071022804580421,0.5088831277969168
α=47%,0.40770592783186516,0.4095176087807827,0.4113292897297002,0.4131409706786176,0.4149526516275352,0.4167643325764527,0.41857601352537016,0.4203876944742876,0.42219937542320507,0.42401105637212266,0.42582273732104015,0.42763441826995763,0.42944609921887517,0.43125778016779265,0.43306946111671013,0.43488114206562767,0.4366928230145451,0.43850450396346263,0.4403161849123801,0.4421278658612976,0.44393954681021514,0.44575122775913256,0.44756290870805004,0.4493745896569675,0.4511862706058851,0.45299795155480255,0.4548096325037201,0.4566213134526375,0.45843299440155505,0.46024467535047253,0.46205635629939,0.4638680372483075,0.465679718197225,0.46749139914614246,0.46930308009506,0.47111476104397754,0.472926441992895,0.4747381229418125,0.47654980389073,0.4783614848396475,0.48017316578856495,0.48198484673748254,0.4837965276864,0.4856082086353175,0.48741988958423493,0.48923157053315247,0.49104325148206995,0.4928549324309875,0.4946666133799049,0.4964782943288224,0.4982899752777399
α=48%,0.3956067361420096,0.397448691669865,0.3992906471977204,0.4011326027255757,0.40297455825343115,0.4048165137812866,0.4066584693091419,0.40850042483699733,0.41034238036485277,0.41218433589270814,0.4140262914205635,0.41586824694841884,0.4177102024762743,0.4195521580041297,0.4213941135319851,0.4232360690598405,0.42507802458769584,0.4269199801155513,0.42876193564340664,0.4306038911712621,0.43244584669911745,0.4342878022269728,0.4361297577548282,0.4379717132826836,0.43981366881053896,0.44165562433839434,0.4434975798662498,0.4453395353941052,0.4471814909219606,0.44902344644981596,0.45086540197767133,0.4527073575055267,0.45454931303338214,0.4563912685612375,0.4582332240890929,0.4600751796169483,0.4619171351448037,0.4637590906726591,0.46560104620051446,0.46744300172836994,0.4692849572562253,0.4711269127840807,0.4729688683119361,0.47481082383979145,0.47665277936764683,0.47849473489550226,0.48033669042335764,0.48217864595121307,0.4840206014790684,0.4858625570069238,0.4877045125347792
α=49%,0.3835447612844616,0.38541640948357275,0.387288057682684,0.38915970588179516,0.3910313540809064,0.39290300228001757,0.39477465047912874,0.39664629867824,0.3985179468773512,0.40038959507646243,0.4022612432755736,0.4041328914746848,0.40600453967379596,0.4078761878729072,0.40974783607201837,0.41161948427112965,0.41349113247024083,0.41536278066935206,0.41723442886846324,0.4191060770675744,0.42097772526668564,0.4228493734657968,0.42472102166490805,0.4265926698640192,0.42846431806313034,0.4303359662622416,0.4322076144613529,0.43407926266046404,0.43595091085957527,0.4378225590586864,0.4396942072577976,0.44156585545690885,0.4434375036560201,0.44530915185513126,0.4471808000542425,0.44905244825335366,0.4509240964524649,0.45279574465157607,0.45466739285068725,0.45653904104979853,0.4584106892489097,0.46028233744802094,0.46215398564713217,0.4640256338462433,0.4658972820453545,0.46776893024446575,0.469640578443577,0.47151222664268816,0.47338387484179933,0.4752555230409105,0.47712717124002174
α=50%,0.3715216529886722,0.37342238795668237,0.37532312292469244,0.3772238578927026,0.3791245928607127,0.3810253278287228,0.38292606279673297,0.38482679776474304,0.38672753273275323,0.3886282677007633,0.39052900266877344,0.3924297376367836,0.3943304726047937,0.3962312075728038,0.3981319425408139,0.40003267750882404,0.4019334124768341,0.40383414744484425,0.40573488241285444,0.4076356173808645,0.40953635234887464,0.4114370873168848,0.4133378222848949,0.415238557252905,0.4171392922209151,0.41904002718892525,0.4209407621569354,0.42284149712494545,0.4247422320929556,0.4266429670609657,0.42854370202897585,0.430444436996986,0.43234517196499606,0.43424590693300624,0.43614664190101626,0.4380473768690264,0.4399481118370366,0.4418488468050467,0.4437495817730568,0.4456503167410669,0.44755105170907705,0.4494517866770872,0.4513525216450973,0.45325325661310745,0.4551539915811175,0.4570547265491277,0.4589554615171378,0.46085619648514786,0.462756931453158,0.4646576664211681,0.46655840138917826
α=51%,0.35953913779715807,0.3614683284661093,0.3633975191350606,0.3653267098040118,0.3672559004729631,0.3691850911419143,0.3711142818108656,0.3730434724798168,0.37497266314876815,0.37690185381771935,0.3788310444866706,0.38076023515562185,0.3826894258245731,0.38461861649352436,0.3865478071624756,0.38847699783142686,0.3904061885003781,0.39233537916932937,0.3942645698382806,0.39619376050723193,0.3981229511761831,0.4000521418451344,0.40198133251408563,0.4039105231830369,0.40583971385198814,0.4077689045209394,0.40969809518989064,0.4116272858588419,0.41355647652779315,0.4154856671967444,0.41741485786569565,0.41934404853464685,0.42127323920359816,0.4232024298725494,0.42513162054150067,0.4270608112104519,0.42899000187940317,0.4309191925483544,0.4328483832173057,0.43477757388625693,0.4367067645552082,0.43863595522415944,0.4405651458931107,0.44249433656206194,0.4444235272310132,0.44635271789996445,0.44828190856891575,0.45021109923786695,0.4521402899068182,0.45406948057576946,0.4559986712447207
α=52%,0.34759902153135186,0.3495560104426324,0.35151299935391306,0.3534699882651935,0.3554269771764741,0.3573839660877547,0.3593409549990353,0.3612979439103159,0.3632549328215965,0.365211921732877,0.3671689106441576,0.3691258995554382,0.3710828884667187,0.37303987737799926,0.3749968662892799,0.3769538552005604,0.37891084411184106,0.3808678330231216,0.3828248219344022,0.38478181084568275,0.38673879975696335,0.3886957886682439,0.39065277757952444,0.39260976649080503,0.3945667554020856,0.3965237443133661,0.3984807332246468,0.4004377221359273,0.4023947110472079,0.40435169995848846,0.406308688869769,0.4082656777810496,0.41022266669233015,0.41217965560361075,0.41413664451489135,0.4160936334261719,0.4180506223374525,0.4200076112487331,0.4219646001600136,0.4239215890712942,0.4258785779825748,0.4278355668938553,0.429792555805136,0.4317495447164165,0.43370653362769707,0.43566352253897767,0.43762051145025826,0.43957750036153875,0.44153448927281935,0.44349147818409995,0.44544846709538055
α=53%,0.33570319159309514,0.33768729361713595,0.3396713956411768,0.34165549766521774,0.3436395996892586,0.34562370171329954,0.34760780373734035,0.3495919057613812,0.35157600778542214,0.353560109809463,0.3555442118335039,0.3575283138575448,0.35951241588158567,0.36149651790562654,0.3634806199296674,0.3654647219537082,0.36744882397774914,0.36943292600179006,0.37141702802583093,0.3734011300498718,0.3753852320739126,0.37736933409795353,0.37935343612199446,0.3813375381460353,0.3833216401700762,0.38530574219411706,0.38728984421815793,0.3892739462421988,0.39125804826623967,0.39324215029028053,0.3952262523143214,0.39721035433836227,0.39919445636240314,0.40117855838644406,0.403162660410485,0.40514676243452585,0.4071308644585667,0.4091149664826076,0.4110990685066485,0.4130831705306893,0.41506727255473025,0.4170513745787711,0.41903547660281204,0.4210195786268529,0.4230036806508938,0.42498778267493464,0.4269718846989755,0.4289559867230164,0.43094008874705725,0.4329241907710981,0.43490829279513904
α=54%,0.32385361904908305,0.32586412004888815,0.32787462104869325,0.3298851220484984,0.3318956230483035,0.3339061240481086,0.33591662504791364,0.3379271260477188,0.3399376270475239,0.341948128047329,0.3439586290471341,0.34596913004693924,0.34797963104674423,0.3499901320465494,0.3520006330463544,0.3540111340461596,0.3560216350459646,0.3580321360457697,0.3600426370455749,0.36205313804538,0.364063639045185,0.36607414004499017,0.3680846410447952,0.37009514204460037,0.37210564304440547,0.37411614404421056,0.3761266450440157,0.3781371460438208,0.3801476470436259,0.38215814804343096,0.38416864904323605,0.38617915004304115,0.38818965104284625,0.39020015204265135,0.3922106530424565,0.39422115404226155,0.3962316550420667,0.39824215604187174,0.4002526570416769,0.402263158041482,0.4042736590412871,0.4062841600410922,0.4082946610408973,0.41030516204070244,0.4123156630405075,0.4143261640403126,0.4163366650401177,0.41834716603992284,0.4203576670397279,0.422368168039533,0.4243786690393381
α=55%,0.31205236043809037,0.3140885158759202,0.31612467131375005,0.31816082675157986,0.32019698218940973,0.3222331376272396,0.3242692930650694,0.3263054485028993,0.3283416039407292,0.33037775937855907,0.33241391481638893,0.33445007025421875,0.33648622569204856,0.3385223811298784,0.34055853656770824,0.34259469200553816,0.34463084744336797,0.3466670028811979,0.3487031583190277,0.3507393137568575,0.35277546919468744,0.35481162463251725,0.3568477800703471,0.35888393550817693,0.3609200909460068,0.36295624638383667,0.36499240182166653,0.3670285572594964,0.3690647126973262,0.3711008681351561,0.3731370235729859,0.37517317901081576,0.37720933444864563,0.37924548988647544,0.3812816453243053,0.3833178007621352,0.38535395619996504,0.3873901116377949,0.3894262670756248,0.39146242251345464,0.3934985779512845,0.3955347333891144,0.39757088882694425,0.39960704426477406,0.40164319970260387,0.40367935514043374,0.4057155105782636,0.4077516660160935,0.40978782145392334,0.4118239768917531,0.413860132329583
α=56%,0.3003015592328494,0.30236259271964305,0.3044236262064367,0.30648465969323035,0.30854569318002395,0.3106067266668176,0.3126677601536113,0.3147287936404049,0.31678982712719866,0.31885086061399226,0.3209118941007859,0.3229729275875795,0.3250339610743732,0.3270949945611668,0.3291560280479605,0.3312170615347541,0.3332780950215477,0.33533912850834136,0.337400161995135,0.33946119548192866,0.3415222289687223,0.34358326245551596,0.34564429594230955,0.34770532942910326,0.3497663629158969,0.3518273964026905,0.3538884298894842,0.35594946337627786,0.35801049686307146,0.3600715303498651,0.3621325638366587,0.36419359732345236,0.366254630810246,0.36831566429703966,0.3703766977838333,0.37243773127062696,0.3744987647574206,0.37655979824421426,0.3786208317310079,0.38068186521780156,0.3827428987045952,0.3848039321913888,0.3868649656781825,0.38892599916497617,0.3909870326517698,0.39304806613856347,0.3951090996253571,0.3971701331121507,0.39923116659894436,0.40129220008573796,0.4033532335725316
α=57%,0.28860344688013423,0.29068854866754135,0.2927736504549485,0.2948587522423557,0.2969438540297628,0.29902895581716993,0.3011140576045771,0.3031991593919842,0.30528426117939145,0.30736936296679856,0.3094544647542057,0.31153956654161286,0.31362466832902003,0.3157097701164271,0.31779487190383426,0.31987997369124144,0.32196507547864855,0.32405017726605573,0.32613527905346285,0.32822038084087,0.3303054826282772,0.3323905844156843,0.3344756862030914,0.3365607879904986,0.3386458897779057,0.34073099156531284,0.34281609335272,0.3449011951401272,0.34698629692753435,0.34907139871494147,0.3511565005023486,0.3532416022897557,0.3553267040771629,0.35741180586457005,0.35949690765197717,0.36158200943938434,0.3636671112267915,0.36575221301419863,0.36783731480160575,0.3699224165890129,0.3720075183764201,0.3740926201638272,0.37617772195123433,0.3782628237386415,0.3803479255260487,0.38243302731345585,0.38451812910086297,0.3866032308882701,0.38868833267567726,0.3907734344630844,0.3928585362504915
α=58%,0.27696034333407965,0.2790686687492769,0.2811769941644741,0.2832853195796714,0.28539364499486863,0.2875019704100659,0.28961029582526315,0.29171862124046044,0.2938269466556577,0.29593527207085496,0.2980435974860522,0.3001519229012494,0.3022602483164467,0.30436857373164394,0.3064768991468412,0.3085852245620384,0.3106935499772357,0.3128018753924329,0.3149102008076302,0.31701852622282745,0.3191268516380247,0.3212351770532219,0.32334350246841914,0.3254518278836164,0.32756015329881366,0.3296684787140109,0.3317768041292082,0.33388512954440547,0.3359934549596027,0.3381017803747999,0.34021010578999716,0.34231843120519445,0.3444267566203917,0.3465350820355889,0.34864340745078615,0.3507517328659834,0.3528600582811807,0.35496838369637795,0.3570767091115752,0.3591850345267724,0.3612933599419697,0.36340168535716694,0.3655100107723642,0.36761833618756146,0.3697266616027587,0.3718349870179559,0.37394331243315326,0.3760516378483505,0.3781599632635477,0.38026828867874496,0.3823766140939422
α=59%,0.265374656989255,0.26750532481302375,0.26963599263679244,0.2717666604605612,0.27389732828433,0.27602799610809875,0.27815866393186744,0.2802893317556362,0.282419999579405,0.2845506674031737,0.28668133522694245,0.2888120030507112,0.29094267087448,0.2930733386982487,0.29520400652201745,0.29733467434578614,0.2994653421695549,0.3015960099933236,0.3037266778170924,0.3058573456408611,0.3079880134646299,0.3101186812883986,0.31224934911216734,0.3143800169359361,0.3165106847597048,0.3186413525834736,0.32077202040724234,0.3229026882310111,0.32503335605477984,0.3271640238785485,0.3292946917023173,0.331425359526086,0.3335560273498547,0.3356866951736235,0.3378173629973922,0.339948030821161,0.34207869864492974,0.3442093664686985,0.34634003429246724,0.348470702116236,0.3506013699400047,0.3527320377637735,0.3548627055875422,0.35699337341131093,0.3591240412350797,0.36125470905884843,0.3633853768826172,0.3655160447063859,0.3676467125301546,0.3697773803539234,0.3719080481776921
α=60%,0.2538488839117931,0.25600097470062483,0.25815306548945643,0.26030515627828815,0.2624572470671198,0.2646093378559515,0.26676142864478314,0.26891351943361486,0.2710656102224466,0.27321770101127824,0.27536979180010995,0.27752188258894156,0.2796739733777732,0.28182606416660494,0.28397815495543655,0.28613024574426826,0.2882823365331,0.29043442732193164,0.29258651811076325,0.29473860889959497,0.29689069968842663,0.29904279047725835,0.30119488126609,0.30334697205492167,0.30549906284375333,0.307651153632585,0.3098032444214167,0.31195533521024843,0.31410742599908004,0.31625951678791164,0.31841160757674336,0.3205636983655751,0.3227157891544068,0.3248678799432384,0.3270199707320701,0.3291720615209018,0.33132415230973344,0.33347624309856516,0.33562833388739677,0.3377804246762285,0.3399325154650602,0.3420846062538918,0.3442366970427235,0.3463887878315552,0.34854087862038685,0.35069296940921857,0.35284506019805023,0.3549971509868819,0.35714924177571356,0.3593013325645452,0.36145342335337693
α=61%,0.2423856062593048,0.24455816061254718,0.24673071496578952,0.24890326931903187,0.2510758236722742,0.25324837802551664,0.25542093237875896,0.25759348673200133,0.2597660410852437,0.2619385954384861,0.2641111497917284,0.2662837041449708,0.2684562584982132,0.2706288128514555,0.2728013672046979,0.2749739215579402,0.2771464759111826,0.27931903026442495,0.2814915846176673,0.2836641389709097,0.28583669332415207,0.28800924767739444,0.2901818020306368,0.29235435638387913,0.29452691073712145,0.2966994650903638,0.2988720194436062,0.30104457379684857,0.30321712815009094,0.3053896825033333,0.3075622368565757,0.30973479120981806,0.3119073455630604,0.3140798999163027,0.3162524542695451,0.3184250086227875,0.3205975629760298,0.3227701173292722,0.32494267168251456,0.32711522603575693,0.3292877803889993,0.3314603347422417,0.33363288909548405,0.3358054434487264,0.33797799780196874,0.3401505521552111,0.34232310650845343,0.3444956608616958,0.3466682152149382,0.34884076956818055,0.3510133239214229
α=62%,0.23098748977384778,0.23317950654708078,0.2353715233203138,0.2375635400935468,0.23975555686677985,0.24194757364001285,0.24413959041324584,0.2463316071864789,0.2485236239597119,0.25071564073294494,0.25290765750617794,0.25509967427941094,0.257291691052644,0.25948370782587693,0.26167572459911004,0.26386774137234303,0.26605975814557603,0.268251774918809,0.2704437916920421,0.2726358084652751,0.27482782523850807,0.2770198420117411,0.2792118587849741,0.2814038755582071,0.2835958923314401,0.28578790910467317,0.2879799258779062,0.2901719426511392,0.2923639594243722,0.2945559761976052,0.2967479929708382,0.29894000974407126,0.30113202651730425,0.30332404329053725,0.3055160600637703,0.3077080768370033,0.30990009361023635,0.3120921103834693,0.3142841271567024,0.3164761439299354,0.3186681607031684,0.3208601774764014,0.3230521942496344,0.32524421102286744,0.32743622779610043,0.3296282445693335,0.3318202613425665,0.3340122781157995,0.3362042948890325,0.3383963116622655,0.3405883284354985
α=63%,0.21965728022736455,0.22186771469325406,0.2240781491591436,0.2262885836250331,0.2284990180909226,0.2307094525568121,0.23291988702270164,0.23513032148859114,0.23734075595448073,0.2395511904203702,0.24176162488625974,0.24397205935214927,0.24618249381803878,0.2483929282839283,0.25060336274981787,0.25281379721570735,0.2550242316815969,0.25723466614748636,0.2594451006133759,0.2616555350792655,0.26386596954515495,0.2660764040110445,0.26828683847693396,0.2704972729428235,0.27270770740871303,0.2749181418746025,0.2771285763404921,0.27933901080638157,0.2815494452722711,0.28375987973816064,0.28597031420405017,0.28818074866993965,0.2903911831358292,0.2926016176017187,0.2948120520676082,0.2970224865334977,0.29923292099938725,0.3014433554652768,0.3036537899311663,0.30586422439705585,0.3080746588629454,0.3102850933288349,0.31249552779472445,0.314705962260614,0.31691639672650346,0.319126831192393,0.3213372656582825,0.32354770012417206,0.32575813459006153,0.32796856905595106,0.3301790035218406
α=64%,0.20839779869640537,0.21062556065417198,0.21285332261193857,0.21508108456970515,0.21730884652747173,0.21953660848523834,0.22176437044300495,0.22399213240077154,0.22621989435853818,0.22844765631630481,0.2306754182740714,0.232903180231838,0.23513094218960454,0.23735870414737115,0.23958646610513776,0.24181422806290434,0.24404199002067095,0.24626975197843753,0.24849751393620415,0.25072527589397076,0.2529530378517374,0.2551807998095039,0.25740856176727056,0.25963632372503714,0.2618640856828037,0.2640918476405703,0.26631960959833695,0.26854737155610353,0.27077513351387017,0.27300289547163675,0.27523065742940334,0.27745841938717,0.2796861813449365,0.28191394330270314,0.2841417052604697,0.28636946721823636,0.28859722917600295,0.2908249911337696,0.29305275309153617,0.29528051504930275,0.2975082770070694,0.29973603896483597,0.30196380092260255,0.3041915628803692,0.3064193248381357,0.30864708679590236,0.310874848753669,0.3131026107114356,0.3153303726692021,0.31755813462696875,0.31978589658473533
α=65%,0.19721193554328292,0.199455887377573,0.201699839211863,0.20394379104615307,0.2061877428804431,0.20843169471473308,0.21067564654902313,0.21291959838331315,0.2151635502176032,0.2174075020518932,0.21965145388618318,0.22189540572047325,0.22413935755476327,0.22638330938905332,0.22862726122334331,0.2308712130576333,0.23311516489192335,0.23535911672621337,0.2376030685605034,0.23984702039479341,0.24209097222908346,0.24433492406337348,0.2465788758976635,0.24882282773195352,0.2510667795662435,0.25331073140053356,0.2555546832348236,0.2577986350691136,0.26004258690340365,0.26228653873769364,0.26453049057198363,0.26677444240627374,0.26901839424056373,0.2712623460748538,0.2735062979091438,0.2757502497434338,0.2779942015777238,0.28023815341201386,0.2824821052463039,0.28472605708059395,0.286970008914884,0.289213960749174,0.291457912583464,0.29370186441775403,0.295945816252044,0.2981897680863341,0.3004337199206241,0.3026776717549141,0.3049216235892041,0.30716557542349415,0.30940952725778414
α=66%,0.18610264298484058,0.1883615976741107,0.19062055236338085,0.192879507052651,0.19513846174192115,0.19739741643119127,0.1996563711204614,0.2019153258097316,0.20417428049900171,0.2064332351882719,0.208692189877542,0.21095114456681213,0.21321009925608228,0.21546905394535246,0.2177280086346226,0.21998696332389273,0.22224591801316285,0.22450487270243302,0.22676382739170314,0.2290227820809733,0.23128173677024344,0.23354069145951356,0.23579964614878374,0.23805860083805386,0.24031755552732398,0.24257651021659413,0.24483546490586428,0.24709441959513445,0.2493533742844046,0.2516123289736747,0.25387128366294487,0.256130238352215,0.2583891930414851,0.2606481477307553,0.2629071024200254,0.2651660571092955,0.2674250117985657,0.2696839664878359,0.271942921177106,0.2742018758663761,0.2764608305556463,0.2787197852449165,0.2809787399341866,0.2832376946234567,0.2854966493127269,0.287755604001997,0.29001455869126713,0.2922735133805373,0.29453246806980743,0.29679142275907755,0.2990503774483477
α=67%,0.17507292613854653,0.1773456452119656,0.17961836428538472,0.1818910833588038,0.1841638024322229,0.18643652150564202,0.1887092405790611,0.19098195965248024,0.19325467872589935,0.19552739779931844,0.19780011687273757,0.20007283594615666,0.20234555501957574,0.20461827409299485,0.20689099316641396,0.20916371223983307,0.21143643131325215,0.21370915038667126,0.21598186946009035,0.21825458853350949,0.22052730760692857,0.22280002668034765,0.22507274575376676,0.22734546482718587,0.22961818390060496,0.2318909029740241,0.23416362204744318,0.23643634112086231,0.2387090601942814,0.24098177926770048,0.24325449834111956,0.2455272174145387,0.24779993648795784,0.2500726555613769,0.252345374634796,0.2546180937082151,0.2568908127816342,0.2591635318550533,0.26143625092847245,0.26370897000189153,0.2659816890753106,0.26825440814872975,0.27052712722214883,0.27279984629556797,0.27507256536898705,0.27734528444240614,0.2796180035158253,0.28189072258924436,0.28416344166266344,0.2864361607360826,0.28870887980950166
α=68%,0.16412583244946288,0.16641102388966633,0.1686962153298698,0.17098140677007329,0.17326659821027673,0.1755517896504802,0.17783698109068366,0.1801221725308871,0.18240736397109064,0.1846925554112941,0.1869777468514976,0.18926293829170102,0.1915481297319045,0.19383332117210797,0.19611851261231142,0.19840370405251487,0.20068889549271837,0.2029740869329218,0.2052592783731253,0.20754446981332875,0.20982966125353225,0.2121148526937357,0.2144000441339392,0.21668523557414263,0.2189704270143461,0.22125561845454955,0.22354080989475306,0.2258260013349565,0.22811119277516,0.23039638421536346,0.2326815756555669,0.23496676709577036,0.23725195853597383,0.23953714997617734,0.24182234141638076,0.24410753285658426,0.2463927242967877,0.24867791573699122,0.25096310717719467,0.2532482986173981,0.2555334900576016,0.25781868149780507,0.2601038729380085,0.262389064378212,0.26467425581841547,0.2669594472586189,0.2692446386988224,0.2715298301390259,0.2738150215792293,0.27610021301943277,0.2783854044596363
α=69%,0.15326443942151988,0.1555607555081662,0.1578570715948125,0.16015338768145881,0.16244970376810514,0.16474601985475146,0.16704233594139778,0.16933865202804407,0.17163496811469042,0.1739312842013367,0.17622760028798304,0.17852391637462933,0.18082023246127565,0.18311654854792198,0.1854128646345683,0.1877091807212146,0.1900054968078609,0.19230181289450723,0.19459812898115353,0.19689444506779985,0.19919076115444617,0.2014870772410925,0.2037833933277388,0.2060797094143851,0.2083760255010314,0.21067234158767773,0.21296865767432405,0.21526497376097037,0.2175612898476167,0.21985760593426296,0.22215392202090928,0.2244502381075556,0.22674655419420192,0.22904287028084824,0.23133918636749454,0.2336355024541409,0.23593181854078718,0.23822813462743347,0.24052445071407985,0.24282076680072617,0.24511708288737244,0.24741339897401876,0.24970971506066508,0.2520060311473114,0.2543023472339577,0.25659866332060405,0.25889497940725037,0.26119129549389664,0.26348761158054296,0.2657839276671893,0.2680802437538356
α=70%,0.14249184060309433,0.14479787568888186,0.14710391077466942,0.14940994586045697,0.1517159809462445,0.15402201603203203,0.15632805111781956,0.15863408620360714,0.1609401212893947,0.16324615637518225,0.16555219146096978,0.16785822654675733,0.17016426163254486,0.17247029671833242,0.17477633180411994,0.1770823668899075,0.17938840197569503,0.18169443706148258,0.1840004721472701,0.18630650723305764,0.1886125423188452,0.19091857740463272,0.19322461249042028,0.1955306475762078,0.19783668266199536,0.20014271774778292,0.20244875283357044,0.20475478791935803,0.20706082300514556,0.20936685809093308,0.2116728931767206,0.21397892826250817,0.21628496334829572,0.21859099843408325,0.22089703351987078,0.22320306860565833,0.2255091036914459,0.22781513877723342,0.23012117386302097,0.2324272089488085,0.23473324403459606,0.23703927912038358,0.23934531420617114,0.2416513492919587,0.24395738437774625,0.2462634194635338,0.24856945454932133,0.25087548963510886,0.2531815247208964,0.2554875598066839,0.25779359489247144
α=71%,0.13181112981056917,0.13412541801694905,0.13643970622332896,0.13875399442970882,0.1410682826360887,0.1433825708424686,0.1456968590488485,0.14801114725522835,0.1503254354616083,0.15263972366798817,0.15495401187436805,0.15726830008074794,0.15958258828712785,0.16189687649350773,0.1642111646998876,0.1665254529062675,0.16883974111264738,0.17115402931902726,0.17346831752540715,0.17578260573178706,0.17809689393816697,0.18041118214454682,0.18272547035092673,0.18503975855730662,0.1873540467636865,0.18966833497006635,0.1919826231764463,0.19429691138282618,0.19661119958920606,0.19892548779558594,0.20123977600196583,0.2035540642083457,0.2058683524147256,0.20818264062110547,0.21049692882748539,0.21281121703386527,0.21512550524024515,0.21743979344662506,0.21975408165300497,0.22206836985938483,0.22438265806576474,0.22669694627214462,0.2290112344785245,0.2313255226849044,0.23363981089128427,0.23595409909766418,0.23826838730404407,0.24058267551042395,0.24289696371680383,0.24521125192318372,0.24752554012956363
α=72%,0.12122538361449353,0.12354639642848951,0.12586740924248546,0.12818842205648143,0.1305094348704774,0.13283044768447333,0.1351514604984693,0.13747247331246523,0.13979348612646122,0.14211449894045716,0.14443551175445313,0.1467565245684491,0.14907753738244503,0.151398550196441,0.15371956301043696,0.15604057582443293,0.15836158863842886,0.16068260145242483,0.1630036142664208,0.16532462708041673,0.1676456398944127,0.16996665270840866,0.1722876655224046,0.17460867833640056,0.17692969115039653,0.17925070396439247,0.18157171677838846,0.18389272959238445,0.1862137424063804,0.18853475522037633,0.19085576803437226,0.19317678084836823,0.19549779366236417,0.19781880647636016,0.20013981929035612,0.20246083210435206,0.20478184491834805,0.207102857732344,0.20942387054633993,0.21174488336033592,0.21406589617433186,0.21638690898832785,0.2187079218023238,0.22102893461631973,0.2233499474303157,0.22567096024431166,0.2279919730583076,0.23031298587230356,0.23263399868629953,0.23495501150029546,0.23727602431429143
α=73%,0.11073764216092573,0.11306378590691893,0.11538992965291213,0.11771607339890533,0.12004221714489852,0.12236836089089173,0.12469450463688493,0.12702064838287813,0.12934679212887135,0.13167293587486453,0.13399907962085775,0.13632522336685093,0.13865136711284415,0.14097751085883733,0.14330365460483055,0.14562979835082374,0.14795594209681692,0.15028208584281016,0.15260822958880332,0.15493437333479654,0.15726051708078975,0.1595866608267829,0.16191280457277615,0.16423894831876934,0.16656509206476253,0.16889123581075574,0.17121737955674893,0.17354352330274214,0.17586966704873536,0.17819581079472852,0.18052195454072173,0.18284809828671494,0.18517424203270813,0.18750038577870132,0.18982652952469453,0.19215267327068775,0.19447881701668093,0.19680496076267412,0.19913110450866733,0.20145724825466055,0.20378339200065373,0.20610953574664695,0.20843567949264014,0.21076182323863335,0.21308796698462656,0.21541411073061975,0.21774025447661294,0.22006639822260615,0.22239254196859934,0.22471868571459253,0.22704482946058574
α=74%,0.10035088845481285,0.10268050160547088,0.10501011475612888,0.10733972790678689,0.10966934105744493,0.11199895420810294,0.11432856735876096,0.11665818050941897,0.118987793660077,0.12131740681073502,0.12364701996139305,0.12597663311205107,0.12830624626270906,0.1306358594133671,0.13296547256402513,0.13529508571468313,0.13762469886534115,0.13995431201599917,0.1422839251666572,0.14461353831731522,0.1469431514679732,0.14927276461863126,0.15160237776928925,0.1539319909199473,0.1562616040706053,0.1585912172212633,0.16092083037192134,0.1632504435225794,0.16558005667323739,0.16790966982389538,0.1702392829745534,0.17256889612521142,0.17489850927586945,0.17722812242652747,0.1795577355771855,0.1818873487278435,0.18421696187850153,0.18654657502915956,0.18887618817981758,0.1912058013304756,0.19353541448113362,0.19586502763179164,0.19819464078244964,0.20052425393310766,0.20285386708376568,0.2051834802344237,0.20751309338508173,0.20984270653573975,0.21217231968639774,0.2145019328370558,0.21683154598771381
α=75%,0.16932751519010714,0.17086627057935722,0.1724050259686073,0.17394378135785732,0.17548253674710743,0.17702129213635748,0.17856004752560756,0.1800988029148576,0.18163755830410772,0.1831763136933578,0.18471506908260787,0.1862538244718579,0.187792579861108,0.18933133525035806,0.19087009063960816,0.1924088460288582,0.19394760141810827,0.19548635680735835,0.1970251121966084,0.19856386758585848,0.20010262297510856,0.20164137836435864,0.20318013375360866,0.20471888914285874,0.20625764453210882,0.20779639992135887,0.20933515531060898,0.21087391069985906,0.21241266608910914,0.2139514214783592,0.21549017686760924,0.21702893225685932,0.2185676876461094,0.22010644303535948,0.22164519842460953,0.2231839538138596,0.22472270920310966,0.22626146459235974,0.22780021998160982,0.2293389753708599,0.23087773076010998,0.23241648614936006,0.2339552415386101,0.2354939969278602,0.23703275231711024,0.23857150770636032,0.2401102630956104,0.24164901848486048,0.2431877738741105,0.24472652926336058,0.24626528465261066
α=76%,0.16656118920459168,0.16802577709172276,0.1694903649788539,0.17095495286598497,0.1724195407531161,0.1738841286402472,0.17534871652737832,0.17681330441450943,0.1782778923016406,0.17974248018877167,0.1812070680759028,0.18267165596303392,0.184136243850165,0.18560083173729613,0.18706541962442724,0.18853000751155835,0.18999459539868946,0.19145918328582057,0.19292377117295167,0.1943883590600828,0.1958529469472139,0.197317534834345,0.1987821227214761,0.20024671060860721,0.20171129849573832,0.20317588638286943,0.20464047427000057,0.2061050621571317,0.2075696500442628,0.20903423793139386,0.21049882581852503,0.21196341370565613,0.21342800159278724,0.21489258947991835,0.21635717736704946,0.21782176525418057,0.21928635314131167,0.22075094102844278,0.2222155289155739,0.223680116802705,0.2251447046898361,0.22660929257696727,0.22807388046409835,0.22953846835122946,0.23100305623836057,0.23246764412549167,0.2339322320126228,0.23539681989975392,0.23686140778688503,0.23832599567401613,0.23979058356114724
α=77%,0.16389870322508104,0.16528729524598307,0.16667588726688506,0.16806447928778706,0.16945307130868908,0.17084166332959108,0.17223025535049308,0.17361884737139513,0.17500743939229715,0.17639603141319915,0.17778462343410115,0.17917321545500317,0.1805618074759052,0.1819503994968072,0.1833389915177092,0.1847275835386112,0.1861161755595132,0.18750476758041523,0.18889335960131723,0.19028195162221923,0.19167054364312125,0.19305913566402327,0.19444772768492527,0.19583631970582727,0.19722491172672926,0.1986135037476313,0.2000020957685333,0.2013906877894353,0.20277927981033733,0.20416787183123933,0.20555646385214132,0.20694505587304335,0.20833364789394537,0.20972223991484737,0.21111083193574937,0.2124994239566514,0.2138880159775534,0.2152766079984554,0.21666520001935743,0.21805379204025943,0.21944238406116146,0.22083097608206345,0.22221956810296548,0.22360816012386747,0.2249967521447695,0.22638534416567152,0.22777393618657352,0.2291625282074755,0.2305511202283775,0.23193971224927953,0.23332830427018153
α=78%,0.16134268894406545,0.16265337422434323,0.163964059504621,0.16527474478489879,0.16658543006517657,0.16789611534545432,0.1692068006257321,0.1705174859060099,0.1718281711862877,0.1731388564665655,0.17444954174684327,0.17576022702712105,0.1770709123073988,0.17838159758767663,0.17969228286795436,0.18100296814823216,0.18231365342850994,0.18362433870878772,0.18493502398906553,0.1862457092693433,0.18755639454962109,0.18886707982989887,0.19017776511017664,0.19148845039045442,0.1927991356707322,0.19410982095100998,0.1954205062312878,0.19673119151156557,0.19804187679184335,0.19935256207212115,0.20066324735239893,0.2019739326326767,0.20328461791295446,0.20459530319323224,0.20590598847351002,0.20721667375378783,0.2085273590340656,0.20983804431434339,0.21114872959462117,0.21245941487489894,0.21377010015517672,0.21508078543545453,0.2163914707157323,0.21770215599601012,0.2190128412762879,0.22032352655656567,0.22163421183684345,0.22294489711712123,0.22425558239739898,0.22556626767767676,0.22687695295795457
α=79%,0.1588955995292074,0.160126380126149,0.16135716072309056,0.16258794132003215,0.16381872191697372,0.1650495025139153,0.1662802831108569,0.16751106370779845,0.16874184430474007,0.16997262490168163,0.17120340549862323,0.17243418609556482,0.17366496669250642,0.17489574728944798,0.17612652788638958,0.17735730848333114,0.17858808908027274,0.17981886967721433,0.1810496502741559,0.1822804308710975,0.18351121146803906,0.18474199206498065,0.18597277266192225,0.1872035532588638,0.18843433385580538,0.18966511445274697,0.19089589504968857,0.19212667564663016,0.19335745624357176,0.19458823684051332,0.1958190174374549,0.19704979803439648,0.19828057863133808,0.19951135922827964,0.20074213982522127,0.2019729204221628,0.2032037010191044,0.204434481616046,0.2056652622129876,0.20689604280992918,0.20812682340687075,0.20935760400381231,0.2105883846007539,0.2118191651976955,0.2130499457946371,0.21428072639157866,0.21551150698852026,0.21674228758546182,0.21797306818240342,0.21920384877934498,0.22043462937628658
α=80%,0.15655968588825928,0.1577084714507764,0.1588572570132936,0.16000604257581075,0.1611548281383279,0.162303613700845,0.1634523992633622,0.16460118482587935,0.1657499703883965,0.16689875595091364,0.16804754151343082,0.16919632707594795,0.1703451126384651,0.17149389820098226,0.1726426837634994,0.17379146932601655,0.1749402548885337,0.17608904045105084,0.177237826013568,0.17838661157608515,0.17953539713860234,0.18068418270111944,0.1818329682636366,0.18298175382615375,0.1841305393886709,0.18527932495118804,0.18642811051370523,0.18757689607622235,0.1887256816387395,0.18987446720125667,0.1910232527637738,0.19217203832629093,0.1933208238888081,0.19446960945132524,0.19561839501384243,0.19676718057635956,0.19791596613887671,0.19906475170139387,0.200213537263911,0.2013623228264282,0.20251110838894532,0.20365989395146247,0.20480867951397963,0.2059574650764968,0.20710625063901394,0.20825503620153107,0.20940382176404823,0.21055260732656536,0.21170139288908252,0.21285017845159968,0.21399896401411683
α=81%,0.15433697391637924,0.15540157533442858,0.15646617675247795,0.1575307781705273,0.15859537958857667,0.15965998100662607,0.16072458242467538,0.16178918384272478,0.16285378526077413,0.1639183866788235,0.1649829880968729,0.16604758951492224,0.16711219093297158,0.16817679235102095,0.16924139376907033,0.17030599518711967,0.171370596605169,0.17243519802321838,0.17349979944126775,0.17456440085931713,0.1756290022773665,0.17669360369541584,0.17775820511346518,0.17882280653151456,0.17988740794956393,0.1809520093676133,0.18201661078566267,0.18308121220371204,0.1841458136217614,0.18521041503981073,0.1862750164578601,0.18733961787590947,0.18840421929395884,0.1894688207120082,0.19053342213005756,0.19159802354810693,0.1926626249661563,0.19372722638420564,0.194791827802255,0.19585642922030438,0.19692103063835376,0.19798563205640313,0.19905023347445247,0.20011483489250184,0.2011794363105512,0.20224403772860056,0.20330863914664993,0.2043732405646993,0.20543784198274864,0.206502443400798,0.20756704481884738
α=82%,0.15222924324940282,0.1532073649991004,0.15418548674879795,0.15516360849849553,0.15614173024819308,0.15711985199789066,0.15809797374758822,0.1590760954972858,0.16005421724698338,0.16103233899668096,0.16201046074637854,0.16298858249607606,0.16396670424577364,0.16494482599547122,0.1659229477451688,0.16690106949486638,0.1678791912445639,0.1688573129942615,0.16983543474395904,0.17081355649365662,0.1717916782433542,0.17276979999305175,0.17374792174274933,0.17472604349244691,0.17570416524214444,0.17668228699184202,0.17766040874153963,0.17863853049123718,0.17961665224093476,0.1805947739906323,0.18157289574032986,0.18255101749002745,0.18352913923972503,0.18450726098942258,0.18548538273912016,0.1864635044888177,0.1874416262385153,0.18841974798821287,0.18939786973791045,0.190375991487608,0.19135411323730558,0.19233223498700314,0.19331035673670072,0.1942884784863983,0.19526660023609585,0.19624472198579343,0.197222843735491,0.19820096548518856,0.19917908723488612,0.2001572089845837,0.20113533073428125
α=83%,0.15023800804348747,0.15112723884833437,0.1520164696531812,0.1529057004580281,0.1537949312628749,0.15468416206772181,0.15557339287256863,0.15646262367741554,0.15735185448226244,0.15824108528710928,0.15913031609195616,0.16001954689680303,0.16090877770164988,0.16179800850649673,0.1626872393113436,0.16357647011619048,0.16446570092103735,0.16535493172588422,0.16624416253073107,0.16713339333557795,0.1680226241404248,0.16891185494527167,0.16980108575011854,0.1706903165549654,0.17157954735981223,0.17246877816465914,0.173358008969506,0.17424723977435286,0.17513647057919973,0.1760257013840466,0.17691493218889348,0.17780416299374033,0.1786933937985872,0.17958262460343408,0.18047185540828092,0.1813610862131278,0.18225031701797467,0.18313954782282155,0.18402877862766842,0.1849180094325153,0.18580724023736214,0.186696471042209,0.18758570184705586,0.18847493265190274,0.1893641634567496,0.1902533942615965,0.19114262506644336,0.1920318558712902,0.19292108667613705,0.19381031748098393,0.1946995482858308
α=84%,0.14836450027730025,0.14916230159129212,0.14996010290528392,0.1507579042192758,0.1515557055332676,0.15235350684725946,0.1531513081612513,0.15394910947524315,0.15474691078923497,0.15554471210322685,0.1563425134172187,0.1571403147312105,0.15793811604520236,0.15873591735919418,0.15953371867318605,0.1603315199871779,0.16112932130116972,0.16192712261516157,0.16272492392915341,0.16352272524314526,0.1643205265571371,0.16511832787112893,0.16591612918512078,0.16671393049911262,0.16751173181310444,0.1683095331270963,0.16910733444108816,0.16990513575507998,0.17070293706907186,0.17150073838306368,0.1722985396970555,0.17309634101104737,0.1738941423250392,0.174691943639031,0.17548974495302289,0.17628754626701473,0.17708534758100658,0.1778831488949984,0.17868095020899027,0.1794787515229821,0.18027655283697394,0.1810743541509658,0.1818721554649576,0.18266995677894948,0.1834677580929413,0.18426555940693318,0.185063360720925,0.18586116203491682,0.18665896334890866,0.1874567646629005,0.18825456597689236
α=85%,0.1466096560269561,0.14731334768921295,0.14801703935146973,0.14872073101372657,0.14942442267598335,0.1501281143382402,0.150831806000497,0.15153549766275384,0.15223918932501065,0.1529428809872675,0.15364657264952428,0.15435026431178112,0.15505395597403793,0.15575764763629474,0.15646133929855155,0.15716503096080836,0.15786872262306517,0.15857241428532198,0.15927610594757882,0.1599797976098356,0.16068348927209247,0.16138718093434928,0.16209087259660607,0.1627945642588629,0.16349825592111972,0.16420194758337653,0.16490563924563337,0.16560933090789018,0.166313022570147,0.1670167142324038,0.1677204058946606,0.16842409755691745,0.16912778921917426,0.16983148088143107,0.17053517254368789,0.17123886420594472,0.17194255586820154,0.17264624753045832,0.17334993919271516,0.17405363085497197,0.17475732251722878,0.17546101417948562,0.17616470584174243,0.17686839750399924,0.17757208916625608,0.17827578082851286,0.1789794724907697,0.17968316415302654,0.18038685581528333,0.18109054747754016,0.18179423913979698
α=86%,0.14497410509704473,0.14558084729046356,0.1461875894838824,0.14679433167730124,0.1474010738707201,0.14800781606413896,0.1486145582575578,0.14922130045097665,0.1498280426443955,0.15043478483781433,0.15104152703123322,0.15164826922465205,0.15225501141807088,0.15286175361148974,0.1534684958049086,0.15407523799832742,0.15468198019174628,0.1552887223851651,0.15589546457858397,0.15650220677200283,0.15710894896542166,0.15771569115884052,0.15832243335225935,0.1589291755456782,0.15953591773909703,0.1601426599325159,0.16074940212593475,0.1613561443193536,0.16196288651277246,0.1625696287061913,0.16317637089961012,0.16378311309302898,0.16438985528644784,0.16499659747986667,0.1656033396732855,0.16621008186670438,0.16681682406012321,0.16742356625354207,0.16803030844696093,0.16863705064037976,0.1692437928337986,0.16985053502721748,0.1704572772206363,0.17106401941405514,0.17167076160747402,0.17227750380089285,0.17288424599431168,0.17349098818773054,0.1740977303811494,0.17470447257456823,0.17531121476798708
α=87%,0.1434581643055776,0.14396493464311386,0.1444717049806501,0.14497847531818636,0.14548524565572263,0.14599201599325887,0.1464987863307951,0.14700555666833137,0.14751232700586767,0.14801909734340388,0.14852586768094017,0.14903263801847638,0.14953940835601265,0.15004617869354892,0.15055294903108515,0.15105971936862142,0.15156648970615766,0.15207326004369393,0.15258003038123016,0.15308680071876643,0.1535935710563027,0.15410034139383894,0.15460711173137517,0.15511388206891144,0.15562065240644768,0.15612742274398395,0.1566341930815202,0.15714096341905648,0.15764773375659275,0.15815450409412896,0.15866127443166522,0.1591680447692015,0.15967481510673773,0.160181585444274,0.16068835578181023,0.1611951261193465,0.16170189645688277,0.16220866679441898,0.16271543713195527,0.16322220746949154,0.16372897780702778,0.16423574814456404,0.1647425184821003,0.16524928881963655,0.16575605915717279,0.16626282949470905,0.16676959983224532,0.16727637016978159,0.1677831405073178,0.16828991084485406,0.16879668118239033
α=88%,0.14206183462020708,0.14246539873199918,0.14286896284379125,0.14327252695558332,0.1436760910673754,0.1440796551791675,0.14448321929095956,0.14488678340275163,0.1452903475145437,0.1456939116263358,0.14609747573812787,0.14650103984991994,0.146904603961712,0.1473081680735041,0.14771173218529618,0.14811529629708825,0.14851886040888032,0.1489224245206724,0.1493259886324645,0.14972955274425656,0.15013311685604863,0.1505366809678407,0.15094024507963277,0.15134380919142487,0.15174737330321694,0.152150937415009,0.15255450152680108,0.15295806563859318,0.15336162975038525,0.15376519386217732,0.1541687579739694,0.1545723220857615,0.15497588619755356,0.15537945030934563,0.1557830144211377,0.15618657853292978,0.15659014264472187,0.15699370675651397,0.15739727086830602,0.15780083498009811,0.15820439909189019,0.15860796320368226,0.15901152731547435,0.15941509142726643,0.1598186555390585,0.16022221965085057,0.16062578376264264,0.16102934787443474,0.16143291198622678,0.16183647609801888,0.16224004020981095
α=89%,0.14078480223244755,0.1410816755524249,0.14137854887240225,0.14167542219237958,0.14197229551235696,0.14226916883233431,0.14256604215231167,0.14286291547228902,0.14315978879226643,0.14345666211224375,0.14375353543222114,0.14405040875219846,0.14434728207217581,0.14464415539215317,0.14494102871213052,0.14523790203210787,0.14553477535208523,0.14583164867206258,0.14612852199203996,0.14642539531201731,0.14672226863199467,0.14701914195197202,0.14731601527194937,0.14761288859192673,0.14790976191190408,0.1482066352318814,0.1485035085518588,0.14880038187183614,0.1490972551918135,0.14939412851179085,0.1496910018317682,0.14998787515174555,0.1502847484717229,0.15058162179170026,0.1508784951116776,0.15117536843165497,0.15147224175163232,0.15176911507160967,0.15206598839158705,0.15236286171156438,0.15265973503154176,0.1529566083515191,0.15325348167149647,0.15355035499147385,0.1538472283114512,0.15414410163142855,0.1544409749514059,0.15473784827138326,0.1550347215913606,0.15533159491133794,0.15562846823131532
α=90%,0.13962644354150022,0.13981284095128568,0.13999923836107114,0.14018563577085666,0.14037203318064212,0.14055843059042758,0.14074482800021307,0.14093122540999856,0.14111762281978404,0.14130402022956953,0.141490417639355,0.14167681504914045,0.14186321245892594,0.1420496098687114,0.1422360072784969,0.14242240468828235,0.14260880209806784,0.1427951995078533,0.1429815969176388,0.14316799432742425,0.14335439173720974,0.1435407891469952,0.14372718655678068,0.14391358396656617,0.1440999813763516,0.1442863787861371,0.14447277619592258,0.14465917360570807,0.14484557101549353,0.145031968425279,0.14521836583506448,0.14540476324484994,0.14559116065463543,0.1457775580644209,0.14596395547420637,0.14615035288399186,0.14633675029377732,0.1465231477035628,0.14670954511334827,0.14689594252313376,0.14708233993291925,0.1472687373427047,0.1474551347524902,0.14764153216227566,0.14782792957206115,0.14801432698184663,0.1482007243916321,0.14838712180141755,0.14857351921120304,0.14875991662098853,0.148946314030774
α=91%,0.1385858339056595,0.1386576022329565,0.13872937056025353,0.1388011388875505,0.13887290721484752,0.1389446755421445,0.1390164438694415,0.1390882121967385,0.1391599805240355,0.13923174885133252,0.13930351717862954,0.1393752855059265,0.13944705383322353,0.13951882216052053,0.13959059048781752,0.13966235881511452,0.1397341271424115,0.1398058954697085,0.1398776637970055,0.13994943212430253,0.14002120045159952,0.14009296877889652,0.14016473710619348,0.14023650543349053,0.1403082737607875,0.14038004208808452,0.14045181041538152,0.1405235787426785,0.1405953470699755,0.1406671153972725,0.1407388837245695,0.14081065205186652,0.14088242037916351,0.14095418870646054,0.1410259570337575,0.14109772536105453,0.14116949368835152,0.14124126201564852,0.1413130303429455,0.1413847986702425,0.1414565669975395,0.14152833532483652,0.14160010365213352,0.14167187197943054,0.14174364030672754,0.14181540863402453,0.14188717696132153,0.14195894528861852,0.14203071361591552,0.1421024819432125,0.1421742502705095
α=92%,0.13766175991304125,0.13761428552826172,0.13756681114348218,0.1375193367587026,0.1374718623739231,0.13742438798914353,0.137376913604364,0.13732943921958446,0.13728196483480493,0.1372344904500254,0.13718701606524583,0.1371395416804663,0.13709206729568676,0.1370445929109072,0.13699711852612767,0.13694964414134814,0.13690216975656858,0.13685469537178904,0.13680722098700948,0.13675974660222995,0.13671227221745041,0.13666479783267088,0.13661732344789132,0.1365698490631118,0.13652237467833223,0.1364749002935527,0.13642742590877316,0.13637995152399363,0.13633247713921406,0.13628500275443453,0.13623752836965497,0.13619005398487544,0.1361425796000959,0.13609510521531634,0.1360476308305368,0.13600015644575725,0.13595268206097771,0.13590520767619818,0.13585773329141865,0.13581025890663911,0.13576278452185955,0.13571531013708002,0.1356678357523005,0.13562036136752093,0.1355728869827414,0.13552541259796186,0.1354779382131823,0.13543046382840276,0.1353829894436232,0.13533551505884367,0.13528804067406414
α=93%,0.13685273482981047,0.13668081380841057,0.13650889278701064,0.13633697176561074,0.13616505074421079,0.13599312972281086,0.13582120870141098,0.13564928768001105,0.13547736665861115,0.13530544563721125,0.1351335246158113,0.1349616035944114,0.1347896825730115,0.13461776155161156,0.13444584053021164,0.13427391950881173,0.1341019984874118,0.13393007746601188,0.13375815644461198,0.13358623542321207,0.13341431440181215,0.13324239338041222,0.13307047235901232,0.1328985513376124,0.13272663031621246,0.13255470929481256,0.13238278827341263,0.13221086725201273,0.1320389462306128,0.13186702520921287,0.13169510418781294,0.13152318316641304,0.13135126214501314,0.1311793411236132,0.1310074201022133,0.13083549908081338,0.13066357805941345,0.13049165703801355,0.13031973601661362,0.13014781499521372,0.1299758939738138,0.12980397295241386,0.12963205193101396,0.12946013090961406,0.12928820988821413,0.1291162888668142,0.1289443678454143,0.12877244682401437,0.12860052580261444,0.12842860478121454,0.1282566837598146
α=94%,0.1361570168074859,0.13585466637918256,0.13555231595087922,0.13524996552257587,0.13494761509427253,0.13464526466596918,0.1343429142376658,0.1340405638093625,0.13373821338105918,0.1334358629527558,0.13313351252445246,0.13283116209614912,0.13252881166784578,0.13222646123954243,0.1319241108112391,0.13162176038293574,0.13131940995463237,0.13101705952632903,0.13071470909802568,0.13041235866972234,0.130110008241419,0.12980765781311565,0.1295053073848123,0.12920295695650896,0.12890060652820562,0.12859825609990228,0.12829590567159893,0.1279935552432956,0.12769120481499224,0.1273888543866889,0.12708650395838553,0.1267841535300822,0.12648180310177887,0.12617945267347552,0.12587710224517218,0.12557475181686883,0.1252724013885655,0.12497005096026215,0.12466770053195879,0.12436535010365546,0.1240629996753521,0.12376064924704874,0.12345829881874543,0.12315594839044207,0.12285359796213874,0.12255124753383538,0.12224889710553205,0.12194654667722869,0.12164419624892533,0.12134184582062199,0.12103949539231865
α=95%,0.13557262937424885,0.13513280226264843,0.13469297515104797,0.13425314803944757,0.13381332092784715,0.13337349381624675,0.13293366670464626,0.13249383959304586,0.13205401248144547,0.13161418536984504,0.1311743582582446,0.13073453114664418,0.13029470403504376,0.12985487692344333,0.1294150498118429,0.12897522270024248,0.12853539558864205,0.12809556847704162,0.1276557413654412,0.12721591425384077,0.12677608714224034,0.1263362600306399,0.12589643291903949,0.12545660580743906,0.12501677869583863,0.12457695158423822,0.12413712447263779,0.12369729736103738,0.12325747024943695,0.12281764313783652,0.1223778160262361,0.12193798891463567,0.12149816180303524,0.12105833469143482,0.12061850757983439,0.12017868046823396,0.11973885335663355,0.11929902624503312,0.1188591991334327,0.11841937202183228,0.11797954491023185,0.11753971779863143,0.117099890687031,0.11666006357543057,0.11622023646383015,0.11578040935222972,0.11534058224062932,0.11490075512902886,0.11446092801742844,0.11402110090582801,0.11358127379422761
α=96%,0.1350973837000312,0.13451151051622592,0.13392563733242066,0.13333976414861537,0.1327538909648101,0.13216801778100484,0.13158214459719958,0.13099627141339432,0.13041039822958905,0.1298245250457838,0.12923865186197853,0.12865277867817326,0.128066905494368,0.1274810323105627,0.12689515912675745,0.12630928594295218,0.12572341275914692,0.12513753957534163,0.12455166639153636,0.12396579320773111,0.12337992002392584,0.12279404684012057,0.12220817365631531,0.12162230047251003,0.12103642728870476,0.1204505541048995,0.11986468092109424,0.11927880773728897,0.1186929345534837,0.11810706136967843,0.11752118818587316,0.11693531500206789,0.11634944181826262,0.11576356863445736,0.1151776954506521,0.11459182226684683,0.11400594908304157,0.11342007589923629,0.11283420271543104,0.11224832953162575,0.11166245634782049,0.11107658316401522,0.11049070998020996,0.1099048367964047,0.10931896361259943,0.10873309042879417,0.10814721724498891,0.10756134406118362,0.10697547087737835,0.10638959769357309,0.10580372450976783
α=97%,0.13472890211158992,0.1339861003430472,0.13324329857450443,0.1325004968059617,0.13175769503741894,0.13101489326887622,0.13027209150033345,0.12952928973179073,0.128786487963248,0.12804368619470527,0.12730088442616252,0.12655808265761978,0.12581528088907704,0.1250724791205343,0.12432967735199156,0.12358687558344882,0.12284407381490607,0.12210127204636331,0.12135847027782058,0.12061566850927785,0.1198728667407351,0.11913006497219238,0.11838726320364963,0.11764446143510689,0.11690165966656414,0.1161588578980214,0.11541605612947867,0.11467325436093594,0.11393045259239318,0.11318765082385045,0.1124448490553077,0.11170204728676497,0.11095924551822223,0.11021644374967948,0.10947364198113674,0.108730840212594,0.10798803844405126,0.10724523667550852,0.10650243490696579,0.10575963313842304,0.1050168313698803,0.10427402960133755,0.10353122783279482,0.10278842606425209,0.10204562429570935,0.1013028225271666,0.10056002075862386,0.09981721899008113,0.09907441722153838,0.09833161545299564,0.0975888136844529
α=98%,0.134464642340556,0.1335501905862561,0.1326357388319562,0.13172128707765635,0.1308068353233564,0.12989238356905655,0.12897793181475667,0.12806348006045676,0.1271490283061569,0.126234576551857,0.1253201247975571,0.12440567304325724,0.12349122128895733,0.12257676953465745,0.12166231778035756,0.12074786602605768,0.11983341427175777,0.11891896251745787,0.118004510763158,0.1170900590088581,0.11617560725455822,0.11526115550025832,0.11434670374595844,0.11343225199165854,0.11251780023735866,0.11160334848305878,0.11068889672875888,0.10977444497445901,0.10885999322015912,0.10794554146585922,0.10703108971155932,0.10611663795725944,0.10520218620295954,0.10428773444865966,0.10337328269435977,0.10245883094005988,0.10154437918576001,0.10062992743146011,0.09971547567716021,0.09880102392286033,0.09788657216856043,0.09697212041426054,0.09605766865996068,0.09514321690566079,0.09422876515136089,0.09331431339706099,0.09239986164276111,0.09148540988846121,0.09057095813416133,0.08965650637986144,0.08874205462556155
α=99%,0.13430192201223914,0.13319376164277197,0.1320856012733048,0.1309774409038376,0.1298692805343704,0.12876112016490318,0.12765295979543603,0.12654479942596883,0.12543663905650168,0.12432847868703446,0.12322031831756729,0.12211215794810008,0.1210039975786329,0.11989583720916572,0.11878767683969851,0.11767951647023134,0.11657135610076413,0.11546319573129693,0.11435503536182975,0.11324687499236256,0.11213871462289537,0.11103055425342818,0.109922393883961,0.1088142335144938,0.10770607314502662,0.10659791277555941,0.10548975240609224,0.10438159203662505,0.10327343166715786,0.10216527129769067,0.10105711092822346,0.09994895055875629,0.0988407901892891,0.0977326298198219,0.09662446945035472,0.09551630908088751,0.09440814871142034,0.09329998834195315,0.09219182797248596,0.09108366760301877,0.08997550723355158,0.08886734686408439,0.08775918649461723,0.08665102612515004,0.08554286575568283,0.08443470538621564,0.08332654501674845,0.08221838464728126,0.08111022427781407,0.08000206390834688,0.07889390353887968
α=100%,0.13423794292265728,0.13289556349343068,0.13155318406420413,0.13021080463497753,0.12886842520575098,0.12752604577652438,0.12618366634729783,0.12484128691807124,0.12349890748884469,0.12215652805961813,0.12081414863039155,0.11947176920116498,0.1181293897719384,0.11678701034271183,0.11544463091348525,0.11410225148425868,0.1127598720550321,0.11141749262580553,0.11007511319657895,0.10873273376735239,0.10739035433812581,0.10604797490889925,0.10470559547967266,0.1033632160504461,0.10202083662121951,0.10067845719199295,0.09933607776276637,0.09799369833353981,0.09665131890431322,0.09530893947508666,0.09396656004586007,0.09262418061663352,0.09128180118740693,0.08993942175818037,0.0885970423289538,0.08725466289972722,0.08591228347050066,0.08456990404127408,0.08322752461204751,0.08188514518282093,0.08054276575359436,0.07920038632436778,0.07785800689514122,0.07651562746591464,0.07517324803668808,0.0738308686074615,0.07248848917823493,0.07114610974900835,0.06980373031978178,0.06846135089055522,0.06711897146132864
